Key,English,French
PROPMOVER_TXT_000002,Male,Garçon
PROPMOVER_TXT_000004,Female,Fille
PROPMOVER_TXT_000006,Small Aibatt,Jeune Aibatt
PROPMOVER_TXT_000008,Aibatt,Aibatt
PROPMOVER_TXT_000010,Captain Aibatt,Capitaine Aibatt
PROPMOVER_TXT_000012,Giant Aibatt,Géant Aibatt
PROPMOVER_TXT_000014,Small Mushpang,Jeune Mushpang
PROPMOVER_TXT_000016,Mushpang,Mushpang
PROPMOVER_TXT_000018,Captain Mushpang,Capitaine Mushpang
PROPMOVER_TXT_000020,Giant Mushpang,Géant Mushpang
PROPMOVER_TXT_000022,Small Burudeng,Jeune Burudeng
PROPMOVER_TXT_000024,Burudeng,Burudeng
PROPMOVER_TXT_000026,Captain Burudeng,Capitaine Burudeng
PROPMOVER_TXT_000028,Giant Burudeng,Géant Burudeng
PROPMOVER_TXT_000030,Small Pukepuke,Jeune Pukepuke
PROPMOVER_TXT_000032,Pukepuke,Pukepuke
PROPMOVER_TXT_000034,Captain Pukepuke,Capitaine Pukepuke
PROPMOVER_TXT_000036,Giant Pukepuke,Géant Pukepuke
PROPMOVER_TXT_000038,Small Peakyturtle,Jeune Peakyturtle
PROPMOVER_TXT_000040,Peakyturtle,Peakyturtle
PROPMOVER_TXT_000042,Captain Peakyturtle,Capitaine Peakyturtle
PROPMOVER_TXT_000044,Giant Peakyturtle,Géant Peakyturtle
PROPMOVER_TXT_000046,Urchin Demian,Jeune Démian
PROPMOVER_TXT_000048,Demian,Démian
PROPMOVER_TXT_000050,Bad Demian,Capitaine Démian
PROPMOVER_TXT_000052,Giant Demian,Géant Démian
PROPMOVER_TXT_000054,Small Doridoma,Jeune Doridoma
PROPMOVER_TXT_000056,Doridoma,Doridoma
PROPMOVER_TXT_000058,Captain Doridoma,Capitaine Doridoma
PROPMOVER_TXT_000060,Giant Doridoma,Géant Doridoma
PROPMOVER_TXT_000062,Young Lawolf,Jeune Lawolf
PROPMOVER_TXT_000064,Lawolf,Lawolf
PROPMOVER_TXT_000066,Grownup Lawolf,Capitaine Lawolf
PROPMOVER_TXT_000068,Giant Lawolf,Géant Lawolf
PROPMOVER_TXT_000070,1st Class Fefern,Jeune Fefern
PROPMOVER_TXT_000072,Fefern,Fefern
PROPMOVER_TXT_000074,2nd Class Fefern,Capitaine Fefern
PROPMOVER_TXT_000076,Giant Fefern,Géant Fefern
PROPMOVER_TXT_000078,Cute Nyangnyang,Jeune Nyangnyang
PROPMOVER_TXT_000080,Nyangnyang,Nyangnyang
PROPMOVER_TXT_000082,Creep Nyangnyang,Capitaine Nyangnyang
PROPMOVER_TXT_000084,Giant Nyangnyang,Géant Nyangnyang
PROPMOVER_TXT_000086,Bang,Jeune Bang
PROPMOVER_TXT_000088,Captain Bang,Bang
PROPMOVER_TXT_000090,Boss Bang,Capitaine Bang
PROPMOVER_TXT_000092,Giant Bang,Géant Bang
PROPMOVER_TXT_000094,Small Wagsaac,Jeune Wagsaac
PROPMOVER_TXT_000096,Wagsaac,Wagsaac
PROPMOVER_TXT_000098,Captain Wagsaac,Capitaine Wagsaac
PROPMOVER_TXT_000100,Giant Wagsaac,Géant Wagsaac
PROPMOVER_TXT_000102,Small Mia,Petite Mia
PROPMOVER_TXT_000104,Mia,Mia
PROPMOVER_TXT_000106,Captain Mia,Capitaine Mia
PROPMOVER_TXT_000108,Giant Mia,Géant Mia
PROPMOVER_TXT_000110,Stale Mr. Pumpkin,Jeune Pumpkin
PROPMOVER_TXT_000112,Mr. Pumpkin,Pumpkin
PROPMOVER_TXT_000114,Rotten Mr Pumpkin,Capitaine Pumpkin
PROPMOVER_TXT_000116,Giant Mr. Pumpkin,Géant Pumpkin
PROPMOVER_TXT_000118,Red Mantis C,Jeune Mantis
PROPMOVER_TXT_000120,Red Mantis B,Mantis
PROPMOVER_TXT_000122,Red Mantis A,Capitaine Mantis
PROPMOVER_TXT_000124,Giant Red Mantis,Géant Red Mantis
PROPMOVER_TXT_000126,Small Jack the Hammer,Jeune Jackammer
PROPMOVER_TXT_000128,Jack the Hammer,Jackammer
PROPMOVER_TXT_000130,Captain Jack the Hammer,Capitaine Jackammer
PROPMOVER_TXT_000132,Giant Jack the Hammer,Géant Jackammer
PROPMOVER_TXT_000134,Small Giggle Box,Jeune Gigglebox
PROPMOVER_TXT_000136,Giggle Box,Gigglebox
PROPMOVER_TXT_000138,Captain Giggle Box,Capitaine Gigglebox
PROPMOVER_TXT_000140,Giant Giggle Box,Géant Gigglebox
PROPMOVER_TXT_000142,Small Rock Muscle,Jeune Musclor
PROPMOVER_TXT_000144,Rock Muscle,Musclor
PROPMOVER_TXT_000146,Captain Rock Muscle,Capitaine Musclor
PROPMOVER_TXT_000148,Giant Rock Muscle,Géant Musclor
PROPMOVER_TXT_000150,Small Hobo,Jeune Hobo
PROPMOVER_TXT_000152,Hobo,Hobo
PROPMOVER_TXT_000154,Captain Hobo,Capitaine Hobo
PROPMOVER_TXT_000156,Giant Hobo,Géant Hobo
PROPMOVER_TXT_000158,Small Dumb Bull,Jeune Dumbull
PROPMOVER_TXT_000160,Dumb Bull,Dumbull
PROPMOVER_TXT_000162,Captain Dumb Bull,Capitaine Dumbull
PROPMOVER_TXT_000164,Giant Dumb Bull,Géant Dumbull
PROPMOVER_TXT_000166,Small Totemia,Jeune Totemia
PROPMOVER_TXT_000168,Totemia,Totemia
PROPMOVER_TXT_000170,Captain Totemia,Capitaine Totemia
PROPMOVER_TXT_000172,Giant Totemia,Géant Totemia
PROPMOVER_TXT_000174,Maid Cardpuppet,Jeune Puppet
PROPMOVER_TXT_000176,Cardpuppet,Puppet
PROPMOVER_TXT_000178,Manager Cardpuppet,Capitaine Puppet
PROPMOVER_TXT_000180,Boss Cardpuppet,Géant Puppet
PROPMOVER_TXT_000182,Small Tombstone Bearer,Jeune Tombstone
PROPMOVER_TXT_000184,Tombstone Bearer,Tombstone
PROPMOVER_TXT_000186,Captain Tombstone Bearer,Capitaine Tombstone
PROPMOVER_TXT_000188,Giant Tombstone Bearer,Géant Tombstone
PROPMOVER_TXT_000190,Phantom Basque,Jeune Bask
PROPMOVER_TXT_000192,Basque,Bask
PROPMOVER_TXT_000194,Lumping Basque,Capitaine Bask
PROPMOVER_TXT_000196,Giant Basque,Géant Bask
PROPMOVER_TXT_000198,Small Mage Prankster,Jeune Prankster
PROPMOVER_TXT_000200,Prankster,Prankster
PROPMOVER_TXT_000202,Master Mage Prankster,Capitaine Prankster
PROPMOVER_TXT_000204,Giantmage Prankster,Géant Prankster
PROPMOVER_TXT_000206,Rough Wheelem,Jeune Wheelem
PROPMOVER_TXT_000208,Wheelem,Wheelem
PROPMOVER_TXT_000210,Bouncing Wheelem,Capitaine Wheelem
PROPMOVER_TXT_000212,Giant Wheelem,Géant Wheelem
PROPMOVER_TXT_000214,Small Leyena,Jeune Leyena
PROPMOVER_TXT_000216,Leyena,Leyena
PROPMOVER_TXT_000218,Captain Leyena,Capitaine Leyena
PROPMOVER_TXT_000220,Giant Leyena,Géant Leyena
PROPMOVER_TXT_000222,Small Steam Walker,Jeune Steamwalker
PROPMOVER_TXT_000224,Steam Walker,Steamwalker
PROPMOVER_TXT_000226,Captain Steam Walker,Capitaine Steamwalker
PROPMOVER_TXT_000228,Giant Steam Walker,Géant Steamwalker
PROPMOVER_TXT_000230,Small Steel Knight,Jeune Steelknight
PROPMOVER_TXT_000232,Steel Knight,Steelknight
PROPMOVER_TXT_000234,Captain Steel Knight,Capitaine Steelknight
PROPMOVER_TXT_000236,Giant Steel Knight,Géant Steelknight
PROPMOVER_TXT_000238,Small Nutty Wheel,Jeune Nuttywheel
PROPMOVER_TXT_000240,Nutty Wheel,Nuttywheel
PROPMOVER_TXT_000242,Captain Nutty Wheel,Capitaine Nuttywheel
PROPMOVER_TXT_000244,Giant Nutty Wheel,Géant Nuttywheel
PROPMOVER_TXT_000246,Small Driller,Jeune Driller
PROPMOVER_TXT_000248,Driller,Driller
PROPMOVER_TXT_000250,Captain Driller,Capitaine Driller
PROPMOVER_TXT_000252,Giant Driller,Géant Driller
PROPMOVER_TXT_000254,Small Volt,Jeune Volt
PROPMOVER_TXT_000256,Volt,Volt
PROPMOVER_TXT_000258,Captain Volt,Capitaine Volt
PROPMOVER_TXT_000260,Giant Volt,Géant Volt
PROPMOVER_TXT_000262,Small Elderguard,Jeune Eldergard
PROPMOVER_TXT_000264,Elderguard,Eldergard
PROPMOVER_TXT_000266,Captain Elderguard,Capitaine Eldergard
PROPMOVER_TXT_000268,Giant Elderguard,Géant Eldergard
PROPMOVER_TXT_000270,Small Garbagespider,Jeune Garbagespider
PROPMOVER_TXT_000272,Garbagespider,Garbagespider
PROPMOVER_TXT_000274,Captain Garbagespider,Capitaine Garbagespider
PROPMOVER_TXT_000276,Giant Garbagespider,Géant Garbagespider
PROPMOVER_TXT_000278,Small Crane Machinery,Jeune Cranechinery
PROPMOVER_TXT_000280,Crane Machinery,Cranechinery
PROPMOVER_TXT_000282,Captain Crane Machinery,Capitaine Cranechinery
PROPMOVER_TXT_000284,Giant Crane Machinery,Géant Cranechinery
PROPMOVER_TXT_000286,Small Mothbee,Jeune Mothbee
PROPMOVER_TXT_000288,Mothbee,Mothbee
PROPMOVER_TXT_000290,Captain Mothbee,Capitaine Mothbee
PROPMOVER_TXT_000292,Giant Mothbee,Géant Mothbee
PROPMOVER_TXT_000294,Small Flybrigen,Jeune Flybrigen
PROPMOVER_TXT_000296,Flybrigen,Flybrigen
PROPMOVER_TXT_000298,Captain Flybrigen,Capitaine Flybrigen
PROPMOVER_TXT_000300,Giant Flybrigen,Géant Flybrigen
PROPMOVER_TXT_000302,Small Rockepeller,Jeune Rockepeller
PROPMOVER_TXT_000304,Rockepeller,Rockepeller
PROPMOVER_TXT_000306,Captain Rockepeller,Capitaine Rockepeller
PROPMOVER_TXT_000308,Giant Rockepeller,Géant Rockepeller
PROPMOVER_TXT_000318,Pawn Popcrank,Jeune Joker
PROPMOVER_TXT_000320,Knight Popcrank,Joker
PROPMOVER_TXT_000322,Rook Popcrank,Capitaine Joker
PROPMOVER_TXT_000324,Bishop Popcrank,Géant Joker
PROPMOVER_TXT_000326,Small Greemong,Jeune Greemong
PROPMOVER_TXT_000328,Greemong,Greemong
PROPMOVER_TXT_000330,Captain Greemong,Capitaine Greemong
PROPMOVER_TXT_000332,Giant Greemong,Géant Greemong
PROPMOVER_TXT_000336,Roy,Roy
PROPMOVER_TXT_000338,Cardinal Guardian,Cardinal Venel
PROPMOVER_TXT_000350,Small Carrierbomb,Jeune Caboom
PROPMOVER_TXT_000352,Carrierbomb,Caboom
PROPMOVER_TXT_000354,Captain Carrierbomb,Capitaine Caboom
PROPMOVER_TXT_000356,Giant Carrierbomb,Géant Caboom
PROPMOVER_TXT_000382,Clockworks,Clockworks
PROPMOVER_TXT_000392,Small Nuctuvehicle,Jeune Nuctuhicule
PROPMOVER_TXT_000394,Nuctuvehicle,Nuctuhicule
PROPMOVER_TXT_000396,Captain Nuctuvehicle,Capitaine Nuctuhicule
PROPMOVER_TXT_000398,Giant Nuctuvehicle,Géant Nuctuhicule
PROPMOVER_TXT_000400,Young Syliaca,Jeune Syliaca
PROPMOVER_TXT_000402,Syliaca,Syliaca
PROPMOVER_TXT_000404,Grownup Syliaca,Capitaine Syliaca
PROPMOVER_TXT_000406,Giant Syliaca,Géant Syliaca
PROPMOVER_TXT_000408,Small Risem,Jeune Risem
PROPMOVER_TXT_000410,Risem,Risem
PROPMOVER_TXT_000412,Captain Risem,Capitaine Risem
PROPMOVER_TXT_000414,Giant Risem,Géant Risem
PROPMOVER_TXT_000416,Small Zombiger,Jeune Zombiger
PROPMOVER_TXT_000418,Zombiger,Zombiger
PROPMOVER_TXT_000420,Captain Zombiger,Capitaine Zombiger
PROPMOVER_TXT_000422,Giant Zombiger,Géant Zombiger
PROPMOVER_TXT_000424,Small Flybat,Jeune Flybat
PROPMOVER_TXT_000426,Flybat,Flybat
PROPMOVER_TXT_000428,Captain Flybat,Capitaine Flybat
PROPMOVER_TXT_000430,Giant Flybat,Géant Flybat
PROPMOVER_TXT_000432,Small Bucrow,Jeune Bucrow
PROPMOVER_TXT_000434,Bucrow,Bucrow
PROPMOVER_TXT_000436,Captain Bucrow,Capitaine Bucrow
PROPMOVER_TXT_000438,Giant Bucrow,Géant Bucrow
PROPMOVER_TXT_000440,Small Scorpicon,Jeune Scorpic
PROPMOVER_TXT_000442,Scorpicon,Scorpic
PROPMOVER_TXT_000444,Captain Scorpicon,Capitaine Scorpic
PROPMOVER_TXT_000446,Giant Scorpicon,Géant Scorpic
PROPMOVER_TXT_000448,Small Trangfoma,Jeune Trangfoma
PROPMOVER_TXT_000450,Trangfoma,Trangfoma
PROPMOVER_TXT_000452,Captain Trangfoma,Capitaine Trangfoma
PROPMOVER_TXT_000454,Giant Trangfoma,Géant Trangfoma
PROPMOVER_TXT_000456,Mine Catcher,Mine Catcher
PROPMOVER_TXT_000458,Erons Catcher,Erons Catcher
PROPMOVER_TXT_000460,Krasec Catcher,Krasec Catcher
PROPMOVER_TXT_000462,Guru Catcher,Guru Catcher
PROPMOVER_TXT_000464,Small Grrr,Jeune Grrr
PROPMOVER_TXT_000466,Grrr,Grrr
PROPMOVER_TXT_000468,Captain Grrr,Capitaine Grrr
PROPMOVER_TXT_000470,Giant Grrr,Géant Grrr
PROPMOVER_TXT_000472,Small Dump,Jeune Dump
PROPMOVER_TXT_000474,Dump,Dump
PROPMOVER_TXT_000476,Captain Dump,Capitaine Dump
PROPMOVER_TXT_000478,Giant Dump,Géant Dump
PROPMOVER_TXT_000480,Small Nautrepy,Jeune Nautrepy
PROPMOVER_TXT_000482,Nautrepy,Nautrepy
PROPMOVER_TXT_000484,Captain Nautrepy,Capitaine Nautrepy
PROPMOVER_TXT_000486,Giant Nautrepy,Géant Nautrepy
PROPMOVER_TXT_000488,Small Boo,Jeune Boo
PROPMOVER_TXT_000490,Boo,Boo
PROPMOVER_TXT_000492,Captain Boo,Capitaine Boo
PROPMOVER_TXT_000494,Giant Boo,Géant Boo
PROPMOVER_TXT_000496,Small Hoppre,Jeune Hoppre
PROPMOVER_TXT_000498,Hoppre,Hoppre
PROPMOVER_TXT_000500,Captain Hoppre,Capitaine Hoppre
PROPMOVER_TXT_000502,Giant Hoppre,Géant Hoppre
PROPMOVER_TXT_000504,Small Mushpoie,Jeune Mushpoie
PROPMOVER_TXT_000506,Mushpoie,Mushpoie
PROPMOVER_TXT_000508,Captain Mushpoie,Capitaine Mushpoie
PROPMOVER_TXT_000510,Giant Mushpoie,Géant Mushpoie
PROPMOVER_TXT_000512,Small Iren,Jeune Iren
PROPMOVER_TXT_000514,Iren,Iren
PROPMOVER_TXT_000516,Captain Iren,Capitaine Iren
PROPMOVER_TXT_000518,Giant Iren,Géant Iren
PROPMOVER_TXT_000520,Small Watangka,Jeune Watangka
PROPMOVER_TXT_000522,Watangka,Watangka
PROPMOVER_TXT_000524,Captain Watangka,Capitaine Watangka
PROPMOVER_TXT_000526,Giant Watangka,Géant Watangka
PROPMOVER_TXT_000528,Small Antiquery,Jeune Treant
PROPMOVER_TXT_000530,Antiquery,Treant
PROPMOVER_TXT_000532,Captain Antiquery,Capitaine Treant
PROPMOVER_TXT_000534,Giant Antiquery,Géant Treant
PROPMOVER_TXT_000536,Small Luia,Jeune Luia
PROPMOVER_TXT_000538,Luia,Luia
PROPMOVER_TXT_000540,Captain Luia,Capitaine Luia
PROPMOVER_TXT_000542,Giant Luia,Géant Luia
PROPMOVER_TXT_000544,Small Gongury,Jeune Gongury
PROPMOVER_TXT_000546,Gongury,Gongury
PROPMOVER_TXT_000548,Captain Gongury,Capitaine Gongury
PROPMOVER_TXT_000550,Giant Gongury,Géant Gongury
PROPMOVER_TXT_000552,Small Shuhamma,Jeune Shuhamma
PROPMOVER_TXT_000554,Shuhamma,Shuhamma
PROPMOVER_TXT_000556,Captain Shuhamma,Capitaine Shuhamma
PROPMOVER_TXT_000558,Giant Shuhamma,Géant Shuhamma
PROPMOVER_TXT_000560,Small Kern,Jeune Kern
PROPMOVER_TXT_000562,Kern,Kern
PROPMOVER_TXT_000564,Captain Kern,Capitaine Kern
PROPMOVER_TXT_000566,Giant Kern,Géant Kern
PROPMOVER_TXT_000568,Small Glaphan,Jeune Glaphan
PROPMOVER_TXT_000570,Glaphan,Glaphan
PROPMOVER_TXT_000572,Captain Glaphan,Capitaine Glaphan
PROPMOVER_TXT_000574,Giant Glaphan,Géant Glaphan
PROPMOVER_TXT_000576,Trainee Chef Muffrin,Jeune Muffrin
PROPMOVER_TXT_000578,3rd Chef Muffrin,Muffrin
PROPMOVER_TXT_000580,2nd Chef Muffrin,Capitaine Muffrin
PROPMOVER_TXT_000582,1st Chef Muffrin,Géant Muffrin
PROPMOVER_TXT_000584,Mutant Fefern,Fefern Mutant
PROPMOVER_TXT_000586,Mutant Fefern King,Capitaine Fefern Mutant
PROPMOVER_TXT_000588,Mutant Giant 2nd Class Fefern,Géant Fefern Mutant
PROPMOVER_TXT_000590,Mutant Nyangnyang,Nyangnyang Mutant
PROPMOVER_TXT_000592,Mutant Nyangnyang Queen,Capitaine Nyangnyang Mutant
PROPMOVER_TXT_000594,Mutant Giant Nyangnyang,Géant Nyangnyang Mutant
PROPMOVER_TXT_000596,Mutant Bang,Bang Mutant
PROPMOVER_TXT_000598,Mutant Boss Bang,Capitaine Bang Mutant
PROPMOVER_TXT_000600,Mutant Giant Bang King,Géant Bang Mutant
PROPMOVER_TXT_000602,Worm Veduque,Grand Veduque
PROPMOVER_TXT_000604,Serus Uriel,Serus Uriel
PROPMOVER_TXT_000606,Vice Veduque,Veduque
PROPMOVER_TXT_000608,Brazenface Pukepuke,Champion Pukepuke
PROPMOVER_TXT_000610,Heartless Bang,Vil Bang
PROPMOVER_TXT_000612,Tough Rock Muscle,Vil Muscu
PROPMOVER_TXT_000614,Flying Aibatt,Vil Aibatt
PROPMOVER_TXT_000616,Beast Mr. Pumpkin,Vil Pumpkin
PROPMOVER_TXT_000618,Master Demian,Maître Démian
PROPMOVER_TXT_000620,Master Keakoon,Maître Keakoon
PROPMOVER_TXT_000622,Master Muffrin,Maître Muffrin
PROPMOVER_TXT_000624,Info-Pang,Pang
PROPMOVER_TXT_000626,Losha,Losha
PROPMOVER_TXT_000628,Boboku,Boboku
PROPMOVER_TXT_000630,Julia,Juria
PROPMOVER_TXT_000632,Lui,Lui
PROPMOVER_TXT_000634,Marche,Marche
PROPMOVER_TXT_000636,Bulrox,Bulrox
PROPMOVER_TXT_000638,Tina,[Pepole] Clagabole
PROPMOVER_TXT_000640,Karin,Helgar
PROPMOVER_TXT_000642,Martin,Herth
PROPMOVER_TXT_000644,Bill,Ann
PROPMOVER_TXT_000646,Dwarpet,Dwarpet
PROPMOVER_TXT_000648,Master Dwarpet,Maître Dwarpet
PROPMOVER_TXT_000650,Iblis,Ivillis
PROPMOVER_TXT_000652,Shade,Shade
PROPMOVER_TXT_000654,Stima,Stima
PROPMOVER_TXT_000656,Phacham,Phacham
PROPMOVER_TXT_000658,Bubble,Bubble
PROPMOVER_TXT_000660,Rhine,Rhine
PROPMOVER_TXT_000662,Roocky,Roocky
PROPMOVER_TXT_000664,Ollien,Ollien
PROPMOVER_TXT_000666,Haven,Haven
PROPMOVER_TXT_000668,Chitller,Chiller
PROPMOVER_TXT_000670,Bolpor,Bolpor
PROPMOVER_TXT_000672,Almani,Almani
PROPMOVER_TXT_000674,Achaben,Achaben
PROPMOVER_TXT_000676,Eshylop,Eshylop
PROPMOVER_TXT_000678,Remine,Remine
PROPMOVER_TXT_000680,Unknown,Unknown
PROPMOVER_TXT_000682,Agent,Agent
PROPMOVER_TXT_000684,Ancimys,Ancimys
PROPMOVER_TXT_000686,Guardian,Gardien
PROPMOVER_TXT_000688,Captain Guard,Garde Capitaine
PROPMOVER_TXT_000692,Venel Guardian,Venel
PROPMOVER_TXT_000694,Ren,Ren
PROPMOVER_TXT_000696,Rubo,Rubo
PROPMOVER_TXT_000698,Sisif,Sisif
PROPMOVER_TXT_000700,Shuraiture,Shuraiture
PROPMOVER_TXT_000702,Babari,Babari
PROPMOVER_TXT_000704,Chaner,Chaner
PROPMOVER_TXT_000706,Seido,Seido
PROPMOVER_TXT_000708,Red Bang Troupe Member,Big Bang
PROPMOVER_TXT_000710,Emerald Mantis,Mantis Émeraude
PROPMOVER_TXT_000712,Lord Bang Hanoyan,Lord Bang Hanoyan
PROPMOVER_TXT_000714,Member of the Violet Magician Troupe,Mage Pourpre
PROPMOVER_TXT_000716,Master of the Violet Magician Troupe,Archimage Pourpre
PROPMOVER_TXT_000718,Grand Master of the Violet Magician Troupe,Grand Archimage Pourpre
PROPMOVER_TXT_000720,Red Bang Troupe Leader,Leader Big Bang
PROPMOVER_TXT_000722,Lord Bang,Lord Bang Nayonah
PROPMOVER_TXT_000724,Organigor,Organigor
PROPMOVER_TXT_000726,Gangard,Gangard
PROPMOVER_TXT_000728,Hadeseor,Hadeseor
PROPMOVER_TXT_000730,Santa,Santa
PROPMOVER_TXT_000732,Priest,Doyen
PROPMOVER_TXT_000734,Guard,Gardien
PROPMOVER_TXT_000736,Chaos Guard,Gardien du Chaos
PROPMOVER_TXT_000738,Criminal Fefern,Meurtrier Fefern
PROPMOVER_TXT_000740,Criminal Wagsaac,Meurtrier Wagsaac
PROPMOVER_TXT_000742,Criminal Mr. Pumpkin,Meurtrier Pumpkin
PROPMOVER_TXT_000744,Criminal Giggle Box,Meurtrier Gigglebox
PROPMOVER_TXT_000746,Criminal Hobo,Meurtrier Hobo
PROPMOVER_TXT_000748,Criminal Cardpuppet,Meurtrier Puppet
PROPMOVER_TXT_000750,Criminal Basque,Meurtrier Bask
PROPMOVER_TXT_000752,Criminal Leyena,Meurtrier Leyena
PROPMOVER_TXT_000754,Criminal Steel Knight,Meurtrier Steelknight
PROPMOVER_TXT_000756,Criminal Volt,Meurtrier Volt
PROPMOVER_TXT_000758,Criminal Garbagespider,Meurtrier Garbagespider
PROPMOVER_TXT_000760,Criminal Greemong,Meurtrier Greemong
PROPMOVER_TXT_000762,Criminal Hoppre,Meurtrier Hoppre
PROPMOVER_TXT_000764,Criminal Iren,Meurtrier Iren
PROPMOVER_TXT_000766,Criminal Watangka,Meurtrier Watangka
PROPMOVER_TXT_000768,Criminal Luia,Meurtrier Luia
PROPMOVER_TXT_000770,Criminal Shuhamma,Meurtrier Shuhamma
PROPMOVER_TXT_000772,Criminal Glaphan,Meurtrier Glaphan
PROPMOVER_TXT_000774,Keakoon Worker,Ouvrier Keakoon
PROPMOVER_TXT_000776,Keakoon Guard,Garde Keakoon
PROPMOVER_TXT_000778,Keakoon Worker Leader,Contremaître Keakoon
PROPMOVER_TXT_000780,Keakoon Guard Leader,Sentinelle Keakoon
PROPMOVER_TXT_000782,Elite Keakoon Worker,Ouvrier Keakoon Elite
PROPMOVER_TXT_000784,Elite Keakoon Guard,Garde Keakoon Elite
PROPMOVER_TXT_000786,Elite Keakoon Worker Leader,Contremaître Keakoon Elite
PROPMOVER_TXT_000788,Elite Keakoon Guard Leader,Sentinelle Keakoon Elite
PROPMOVER_TXT_000790,Mutant Keakoon Worker,Ouvrier Keakoon Mutant
PROPMOVER_TXT_000792,Mutant Keakoon Guard,Garde Keakoon Mutant
PROPMOVER_TXT_000794,Mutant Keakoon Worker Leader,Contremaître Keakoon Mutant
PROPMOVER_TXT_000796,Mutant Keakoon Guard Leader,Sentinelle Keakoon Mutant
PROPMOVER_TXT_000798,Pink Roach,Tyroglyphe Rose
PROPMOVER_TXT_000800,Blue Roach,Tyroglyphe Bleu
PROPMOVER_TXT_000802,Pink Roach Queen,Reine Tyroglyphe Rose
PROPMOVER_TXT_000804,Blue Roach Queen,Reine Tyroglyphe Bleue
PROPMOVER_TXT_000806,Pink Roach Larva,Jeune Tyroglyphe Rose
PROPMOVER_TXT_000808,Blue Roach Larva,Jeune Tyroglyphe Bleu
PROPMOVER_TXT_000810,Green Trillipy,Trillipy Verdâtre
PROPMOVER_TXT_000812,Hazardous Green Trillipy,Trillipy Verdâtre Perfide
PROPMOVER_TXT_000814,Violet Trillipy,Trillipy Violet
PROPMOVER_TXT_000816,Hazardous Violet Trillipy,Trillipy Violet Perfide
PROPMOVER_TXT_000818,Blood Trillipy,Trillipy Sanguin
PROPMOVER_TXT_000820,Hazardous Blood Trillipy,Trillipy Sanguin Perfide
PROPMOVER_TXT_000822,Chimeradon,Kimeradon
PROPMOVER_TXT_000824,Giant Chimeradon,Géant Kimeradon
PROPMOVER_TXT_000826,Meteonyker,Meteonyker
PROPMOVER_TXT_000828,Baby Lawolf,Bébé Lawolf
PROPMOVER_TXT_000830,Baby Aibatt,Bébé Aibatt
PROPMOVER_TXT_000832,Baby Leyena,Bébé Leyena
PROPMOVER_TXT_000834,Baby Luia,Bébé Luia
PROPMOVER_TXT_000836,Kitty,Chat de Darkon
PROPMOVER_TXT_000838,Doggy,Husky de Leren
PROPMOVER_TXT_000840,Ant Turtle,Anturtle
PROPMOVER_TXT_000842,Hammer Kick,Hammerkick
PROPMOVER_TXT_000844,Big Muscle,Big Musclor
PROPMOVER_TXT_000846,Krrr,Krrr
PROPMOVER_TXT_000848,Mushmoot,Mushmoot
PROPMOVER_TXT_000852,Beast Zombiger,Brute Zombiger
PROPMOVER_TXT_000854,Lord Clockworks Alpha,Clockworks Alpha
PROPMOVER_TXT_000856,Brigadier General Crumple,Sergent Chef Crumple
PROPMOVER_TXT_000858,Lieutenant General Scythoid,Commandant Scythoid
PROPMOVER_TXT_000860,Air Marshall Spiketail,Marshal Spiketail
PROPMOVER_TXT_000862,General Glyphaxz,Grand Général Glyphaxz
PROPMOVER_TXT_000866,Soccerball Angel,Ange du Football
PROPMOVER_TXT_000868,Kidler,Kidler
PROPMOVER_TXT_000870,Shacalpion,Shacalpion
PROPMOVER_TXT_000872,Hoiren,Hoiren
PROPMOVER_TXT_000874,Hunter X,Hunter X
PROPMOVER_TXT_000876,Kynsy,Kynsy
PROPMOVER_TXT_000878,Iblis Crasher,Ivillis Crasher
PROPMOVER_TXT_000880,Iblis Poisoner,Ivillis Poisoner
PROPMOVER_TXT_000882,Iblis Wrecker,Ivillis Recker
PROPMOVER_TXT_000884,Iblis Destroyer,Ivillis Dozer
PROPMOVER_TXT_000886,Iblis Puppet,Ivillis Puppet
PROPMOVER_TXT_000888,Iblis Thief,Ivillis Taker
PROPMOVER_TXT_000890,Iblis Guardian,Ivillis Guarder
PROPMOVER_TXT_000892,Iblis Quaker,Ivillis Quaker
PROPMOVER_TXT_000894,Iblis Mushellizer,Ivillis Mushellizer
PROPMOVER_TXT_000896,Iblis Leanes,Ivillis Leanes
PROPMOVER_TXT_000898,Iblis Red Otem,Ivillis Rotem
PROPMOVER_TXT_000900,Iblis Black Otem,Ivillis Botem
PROPMOVER_TXT_000902,Iblis Boxter,Ivillis Boxter
PROPMOVER_TXT_000904,Iblis Dandysher,Ivillis Dandysher
PROPMOVER_TXT_000906,Chitos,Chitos
PROPMOVER_TXT_000908,Clocks,Clocks
PROPMOVER_TXT_000910,Soldier Chimeradon,Soldat Kimeradon
PROPMOVER_TXT_000912,Brigadier Chimeradon,Sergent Kimeradon
PROPMOVER_TXT_000914,Major Chimeradon,Major Kimeradon
PROPMOVER_TXT_000916,Lieutenant Chimeradon,Lieutenant Kimeradon
PROPMOVER_TXT_000918,General Chimeradon,Général Kimeradon
PROPMOVER_TXT_000920,Private Bearnerky,Soldat Bearnerky
PROPMOVER_TXT_000922,Specialist Bearnerky,Sergent Bearnerky
PROPMOVER_TXT_000924,Sergeant Bearnerky,Major Bearnerky
PROPMOVER_TXT_000926,Captain Bearnerky,Lieutenant Bearnerky
PROPMOVER_TXT_000928,General Bearnerky,Général Bearnerky
PROPMOVER_TXT_000930,Great Chef Muffrin,Grand Chef Muffrin
PROPMOVER_TXT_000932,Queen Popcrank,Roi Joker
PROPMOVER_TXT_000934,Baby Polar Bear,Jeune Ours Polaire
PROPMOVER_TXT_000936,Polar Bear,Ours Polaire
PROPMOVER_TXT_000946,Post Box,Boîte aux lettres
PROPMOVER_TXT_000950,Blue Meteonyker,Blue Meteonyker
PROPMOVER_TXT_000954,Baby Penguin,Bébé Pingouin
PROPMOVER_TXT_000956,Baby Iguana,Bébé Iguane
PROPMOVER_TXT_000958,Baby Cobra,Bébé Cobra
PROPMOVER_TXT_000960,Egg,Oeuf
PROPMOVER_TXT_000962,White Tiger,Jeune Smilodon
PROPMOVER_TXT_000966,Babari Lion,Jeune Leonis
PROPMOVER_TXT_000970,Rabbit,Jeune Caerbannog
PROPMOVER_TXT_000974,Dragon,Jeune Bahamut
PROPMOVER_TXT_000978,Unicorn,Jeune Licorne
PROPMOVER_TXT_000982,Old Fox,Jeune Kitsune
PROPMOVER_TXT_000986,Griffin,Jeune Hippogryphe
PROPMOVER_TXT_000987,Angel,Ange
PROPMOVER_TXT_000988,King Crab,Roi Crabe
PROPMOVER_TXT_000996,Gambler,Parieur
PROPMOVER_TXT_000998,Hair Designer,Coiffeur
PROPMOVER_TXT_001000,Make-Up Artist,Maquilleur
PROPMOVER_TXT_001002,Pet Tamer,Eleveur de familiers
PROPMOVER_TXT_001010,Behemoth,Smilodon Bestial
PROPMOVER_TXT_001012,Hellion,Leonis Infernal
PROPMOVER_TXT_001014,Jackalope,Caerbannog Furieux
PROPMOVER_TXT_001016,Bahamut,Bahamut Indomptable
PROPMOVER_TXT_001018,Nightmare,Licorne Cauchemar
PROPMOVER_TXT_001020,Reinecke,Kitsune Sage
PROPMOVER_TXT_001022,Hippogryph,Hippogryphe Inébranlable
PROPMOVER_TXT_001024,Cute Frog,Grenouille
PROPMOVER_TXT_001026,Cute Hamburger,Hamburger Magique
PROPMOVER_TXT_001028,Baby Turtle,Tortue
PROPMOVER_TXT_001034,Baby Chicken,Coq
PROPMOVER_TXT_001036,Baby Cow,Vachette
PROPMOVER_TXT_001038,Baby Beagle,Chiot
PROPMOVER_TXT_001040,Baby Blue Dragon,Dragonnet
PROPMOVER_TXT_001042,Baby Hamster,Hamster
PROPMOVER_TXT_001044,Baby Horse,Poney
PROPMOVER_TXT_001046,Baby Monkey,Singe
PROPMOVER_TXT_001048,Baby Pig,Cochon
PROPMOVER_TXT_001050,Baby Rabbit,Lapin
PROPMOVER_TXT_001052,Cute Lamb,Agneau
PROPMOVER_TXT_001054,Baby Tiger,Tigron
PROPMOVER_TXT_001076,Small Maid Cardpuppet,Petite Puppet
PROPMOVER_TXT_001078,Small Mia,Petite Mia
PROPMOVER_TXT_001080,Baby Black Dragon,Dragonnet noir
PROPMOVER_TXT_001196,Baby Yetti,Bébé Yeti
PROPMOVER_TXT_001300,[Guildwar Manager] Frankie,[Intendant des Guerres de Guildes] Franky
PROPMOVER_TXT_001302,[Guildwar Manager] Donaris,[Intendant des Guerres de Guildes] Donaris
PROPMOVER_TXT_001304,[1vs1Guildwar Manager] Amos,[Chef de l'Arène de l'Apocalypse] Marco
PROPMOVER_TXT_001306,[1vs1Guildwar Manager] Annie,[Chef de l'Arène de l'Apocalypse] Bertha
PROPMOVER_TXT_001308,[Arena Manager] Lay,[Chef de l'Arène] Ray
PROPMOVER_TXT_001310,Mayor,Maire
PROPMOVER_TXT_001318,English Bulldog,Bébé Bulldog
PROPMOVER_TXT_001320,Naughty Ghost,Fantôme farceur
PROPMOVER_TXT_001322,Baby Fu Lion,Lion chinois
PROPMOVER_TXT_001324,Smart Owl,Maitre hibou
PROPMOVER_TXT_001326,Patches,Poupée Halloween
PROPMOVER_TXT_001328,Cute Robot,Robot d'Erons
PROPMOVER_TXT_001330,Baby Bang,Petit Bang
PROPMOVER_TXT_001332,Baby Panda,Bébé Panda
PROPMOVER_TXT_001334,Red Armored Tigar,Bébé Taiga
PROPMOVER_TXT_001336,Blue Armored Tigar,Bébé Taiga
PROPMOVER_TXT_001338,Yellow Armored Tigar,Bébé Taiga
PROPMOVER_TXT_001446,Tommy Toucan,Bébé Perroquet
PROPMOVER_TXT_001452,Johnny Four-Wheels,Auto Bot
PROPMOVER_TXT_001460,Tiny Tanuki,Tanuki courageux
PROPMOVER_TXT_001466,Inisis,Inisis
PROPMOVER_TXT_001496,Mini Santa,Père noël
PROPMOVER_TXT_001498,Mini Snowman,Bonhomme de neige
PROPMOVER_TXT_001504,Little Lykan,Bébé Mordillos
PROPMOVER_TXT_001554,Joey,Bébé Fenek
PROPMOVER_TXT_001556,Spike,Bébé Doberman
PROPMOVER_TXT_001558,Lumia,Esprit d'Azria
PROPMOVER_TXT_001560,Inspector Koko,Dr. Koatson
PROPMOVER_TXT_001564,Cheshire Cat,Chat du Cheshire
PROPMOVER_TXT_001566,The White Rabbit,Lapin Blanc
PROPMOVER_TXT_001568,Tiger Cub,Dinah
PROPMOVER_TXT_001586,Bone Golem,Dagyde vaudou
PROPMOVER_TXT_001588,Mocomochi,Bébé Mochikochi
PROPMOVER_TXT_001590,Soul Dancer,James Blue
PROPMOVER_TXT_001592,Clockworks Butler,Mécano-serveur
PROPMOVER_TXT_001628,[Village Chief] Huntrang,Huntran
PROPMOVER_TXT_001630,[Quest Office] Miorang,Mioran
PROPMOVER_TXT_001654,[Crackshooter Master] Meiarun,Meiarun
PROPMOVER_TXT_001656,[Arcanist Master] Howrang,Howran
PROPMOVER_TXT_001680,Cheirang,Cheiran
PROPMOVER_TXT_001714,[Rock Scissor Paper NPC] Demian,[Champion de Flyffoumi] Démian
PROPMOVER_TXT_001716,Chameleon,Bébé Caméléon
PROPMOVER_TXT_001804,Braaaaains,Zombie
PROPMOVER_TXT_001814,Male Zombie,Zombie pourrissant
PROPMOVER_TXT_001816,Female Zombie ,Zombie pourrissante
PROPMOVER_TXT_001826,Big Red,Petit Pang rouge
PROPMOVER_TXT_002000,Buur,Plume
PROPMOVER_TXT_002002,Saphyryan,Croc Hunter
PROPMOVER_TXT_002004,Gray Earl,Ecthéplasme
PROPMOVER_TXT_002006,Jack Frost,Coussinet
PROPMOVER_TXT_002008,Mr. Grinchie,Grinch
PROPMOVER_TXT_002010,Rudolph,Cage de Rudolf
PROPMOVER_TXT_002020,[Development Supervisor] Kim,[PDG-roi des Hipsters] Cyprien le mégalomane
PROPMOVER_TXT_002026,Kuma,Bébé Nounours
PROPMOVER_TXT_002034,Usagi,Bébé Pan
PROPMOVER_TXT_002036,Cooperative Donation NPC,Collecteur des contributions
PROPMOVER_TXT_002038,X900 EvilTron,Ramassator
PROPMOVER_TXT_002040,Mister Grizz,Nounours trognon
PROPMOVER_TXT_002162,Lil' Potato,Patate apprivoisée
PROPMOVER_TXT_002166,Friendly Baby Kargo,Dragoméro apprivoisé
PROPMOVER_TXT_002170,Charming Babushka Doll,Poupée russe
PROPMOVER_TXT_002232,Cute Baby Cat,Mordilla
PROPMOVER_TXT_002234,Little Muran,Chalise
PROPMOVER_TXT_002236,Baby Buur,Plume apprivoisé
PROPMOVER_TXT_002238,Baby Ripper,La mort aux trousses 
PROPMOVER_TXT_002240,Baby Gray Earl,Gray Earl courtois
PROPMOVER_TXT_002242,Tamed Bolo,Macoodoo Apprivoisé
PROPMOVER_TXT_002282,Pink Mocomochi Pet,Mochikochi Rose
PROPMOVER_TXT_002284,Rainbow Mocomochi Pet,Mochikochi Arc-en-ciel
PROPMOVER_TXT_002286,Black Bulldog Pet,Bulldog noir de compagnie
PROPMOVER_TXT_002288,Red Dragon Pet,Bébé dragon rouge
PROPMOVER_TXT_002292,Blue Snowman Pet,Bonhomme de neige bleue
PROPMOVER_TXT_002142,Reonan,Reonan
PROPMOVER_TXT_002144,Nerco,Nerco
PROPMOVER_TXT_002146,Hael,Hael
PROPMOVER_TXT_002148,Handel,Handel
PROPMOVER_TXT_002150,Reodos,Reodos
PROPMOVER_TXT_002152,Zoro,Zoro
PROPMOVER_TXT_002154,Elaine,Elaine
PROPMOVER_TXT_002156,Ainher,Ainher
PROPMOVER_TXT_002158,Sury,Sury
PROPMOVER_TXT_002230,Earl Vermelho,Ecthéplasme rooibos
PROPMOVER_TXT_100000,Small Gorruda,Jeune Gorruda
PROPMOVER_TXT_100001,Gorruda,Gorruda
PROPMOVER_TXT_100002,Captain Gorruda,Capitaine Gorruda
PROPMOVER_TXT_100003,Giant Gorruda,Géant Gorruda
PROPMOVER_TXT_100004,Young Fafnir,Jeune Fafnir
PROPMOVER_TXT_100005,Fafnir,Fafnir
PROPMOVER_TXT_100006,Grownup Fafnir,Captaine Fafnir
PROPMOVER_TXT_100007,Giant Fafnir,Géant Fafnir
PROPMOVER_TXT_100008,Small Longwing,Jeune Longwing
PROPMOVER_TXT_100009,Longwing,Longwing
PROPMOVER_TXT_100010,Captain Longwing,Capitaine Longwing
PROPMOVER_TXT_100011,Giant Longwing,Géant Longwing
PROPMOVER_TXT_100012,Neparuba,Jeune Neparuba
PROPMOVER_TXT_100013,Captain Neparuba,Neparuba
PROPMOVER_TXT_100014,Boss Neparuba,Capitaine Neparuba
PROPMOVER_TXT_100015,Giant Neparuba,Géant Neparuba
PROPMOVER_TXT_100016,Small Zenma,Jeune Zenma
PROPMOVER_TXT_100017,Zenma,Zenma
PROPMOVER_TXT_100018,Captain Zenma,Capitaine Zenma
PROPMOVER_TXT_100019,Giant Zenma,Géant Zenma
PROPMOVER_TXT_100020,Small Zendros,Jeune Zendros
PROPMOVER_TXT_100021,Zendros,Zendros
PROPMOVER_TXT_100022,Captain Zendros,Capitaine Zendros
PROPMOVER_TXT_100023,Giant Zendros,Géant Zendros
PROPMOVER_TXT_100024,Small Medumet,Jeune Medumet
PROPMOVER_TXT_100025,Medumet,Medumet
PROPMOVER_TXT_100026,Captain Medumet,Capitaine Medumet
PROPMOVER_TXT_100027,Giant Medumet,Géant Medumet
PROPMOVER_TXT_100028,Training Dummy,Mannequin d'Entraînement
PROPMOVER_TXT_100029,Fire Training Dummy,Mannequin d'Entraînement au Feu
PROPMOVER_TXT_100030,Water Training Dummy,Mannequin d'Entraînement à l'Eau
PROPMOVER_TXT_100031,Earth Training Dummy,Mannequin d'Entraînement à la Terre
PROPMOVER_TXT_100032,Electric Training Dummy,Mannequin d'Entraînement à l'Électricité
PROPMOVER_TXT_100033,Wind Training Dummy,Mannequin d'entraînement à l'air
PROPMOVER_TXT_100097,Violet Medumet,Medumet Pourpre
PROPMOVER_TXT_100063,Violet Leyena,Leyena Pourpre
PROPMOVER_TXT_100064,Violet Trangfoma,Trangforma Pourpre
PROPMOVER_TXT_100065,Violet Steam Walker,Steamwalker Pourpre
PROPMOVER_TXT_100068,Violet Steel Knight,Steelknight Pourpre
PROPMOVER_TXT_100069,Violet Nutty Wheel,Nuttywheel Pourpre
PROPMOVER_TXT_100066,Violet Driller,Driller Pourpre
PROPMOVER_TXT_100067,Violet Volt,Volt Pourpre
PROPMOVER_TXT_100070,Violet Elderguard,Elderguard Pourpre
PROPMOVER_TXT_100071,Violet Garbagespider,Garbagespider Pourpre
PROPMOVER_TXT_100072,Violet Crane Machinery,Cranechinery Pourpre
PROPMOVER_TXT_100074,Violet Greemong,Greemong Pourpre
PROPMOVER_TXT_100076,Violet Nuctuvehicle,Nuctuhicle Pourpre
PROPMOVER_TXT_100075,Violet Carrierbomb,Caboom Pourpre
PROPMOVER_TXT_100073,Violet Syliaca,Syliaca Pourpre
PROPMOVER_TXT_100078,Violet Zombiger,Zombiger Pourpre
PROPMOVER_TXT_100077,Violet Risem,Risem Pourpre
PROPMOVER_TXT_100086,Violet Grrr,Grrr Pourpre
PROPMOVER_TXT_100091,Violet Dump,Dump Pourpre
PROPMOVER_TXT_100085,Violet Nautrepy,Nautrepy Pourpre
PROPMOVER_TXT_100082,Violet Boo,Boo Pourpre
PROPMOVER_TXT_100079,Violet Hoppre,Hoppre Pourpre
PROPMOVER_TXT_100088,Violet Mushpoie,Mushpoie Pourpre
PROPMOVER_TXT_100081,Violet Iren,Iren Pourpre
PROPMOVER_TXT_100080,Violet Watangka,Watangka Pourpre
PROPMOVER_TXT_100087,Violet Antiquery,Tréant Pourpre
PROPMOVER_TXT_100083,Violet Luia,Luia Pourpre
PROPMOVER_TXT_100089,Violet Gongury,Gongury Pourpre
PROPMOVER_TXT_100084,Violet Shuhamma,Shuhamma Pourpre
PROPMOVER_TXT_100092,Violet Kern,Kern Pourpre
PROPMOVER_TXT_100090,Violet Glaphan,Glaphan Pourpre
PROPMOVER_TXT_100094,Violet Chimeradon,Kimeradon Pourpre
PROPMOVER_TXT_100095,Violet Bearnerky,Bearnerky Pourpre
PROPMOVER_TXT_100093,Violet Chef Muffrin,Chef Muffrin Pourpre
PROPMOVER_TXT_100096,Violet Popcrank,Joker Pourpre
PROPMOVER_TXT_100034,Violet Aibatt,Aibatt Pourpre
PROPMOVER_TXT_100035,Violet Mushpang,Mushpang Pourpre
PROPMOVER_TXT_100036,Violet Burudeng,Burudeng Pourpre
PROPMOVER_TXT_100038,Violet Pukepuke,Pukepuke Pourpre
PROPMOVER_TXT_100037,Violet Peakyturtle,Peakyturtle Pourpre
PROPMOVER_TXT_100039,Violet Demian,Démian Pourpre
PROPMOVER_TXT_100040,Violet Doridoma,Doridoma Pourpre
PROPMOVER_TXT_100041,Violet Lawolf,Lawolf Pourpre
PROPMOVER_TXT_100043,Violet Fefern,Fefern Pourpre
PROPMOVER_TXT_100042,Violet Nyangnyang,Nyangnyang Pourpre
PROPMOVER_TXT_100044,Violet Bang,Bang Pourpre
PROPMOVER_TXT_100099,Violet Mothbee,Mothbee Pourpre
PROPMOVER_TXT_100098,Violet Flybrigen,Flybrigen Pourpre
PROPMOVER_TXT_100100,Violet Rockepeller,Rockepeller Pourpre
PROPMOVER_TXT_100106,Violet Zendros,Zendros Pourpre
PROPMOVER_TXT_100104,Violet Neparuba,Neparuba Pourpre
PROPMOVER_TXT_100105,Violet Zenma,Zenma Pourpre
PROPMOVER_TXT_100103,Violet Longwing,Longwing Pourpre
PROPMOVER_TXT_100102,Violet Fafnir,Fafnir Pourpre
PROPMOVER_TXT_100101,Violet Gorruda,Gorruda Pourpre
PROPMOVER_TXT_100058,Violet Tombstone Bearer,Tombstone Pourpre
PROPMOVER_TXT_100060,Violet Scorpicon,Scorpio Pourpre
PROPMOVER_TXT_100059,Violet Basque,Bask Pourpre
PROPMOVER_TXT_100061,Violet Prankster,Prankster Pourpre
PROPMOVER_TXT_100062,Violet Wheelem,Wheelem Pourpre
PROPMOVER_TXT_100045,Violet Wagsaac,Wagsaac Pourpre
PROPMOVER_TXT_100047,Violet Mia,Mia Pourpre
PROPMOVER_TXT_100048,Violet Mr. Pumpkin,Pumpkin Pourpre
PROPMOVER_TXT_100049,Violet Red Mantis,Mantis Pourpre
PROPMOVER_TXT_100050,Violet Jack the Hammer,Jackhammer Pourpre
PROPMOVER_TXT_100051,Violet Giggle Box,Gigglebox Pourpre
PROPMOVER_TXT_100052,Violet Rock Muscle,Musclor Pourpre
PROPMOVER_TXT_100053,Violet Hobo,Hobo Pourpre
PROPMOVER_TXT_100055,Violet Dumb Bull,Dumbull Pourpre
PROPMOVER_TXT_100056,Violet Totemia,Totemia Pourpre
PROPMOVER_TXT_100057,Violet Cardpuppet,Puppet Pourpre
PROPMOVER_TXT_100046,Violet Flybat,Flybat Pourpre
PROPMOVER_TXT_100054,Violet Bucrow,Bucrow Pourpre
PROPMOVER_TXT_100107,Baby Pink Cobra,Bébé Cobra Rose
PROPMOVER_TXT_100108,Baby Giant Aibatt,Bébé Géant Aibatt
PROPMOVER_TXT_100109,Baby Glaphan,Bébé Glaphan
PROPMOVER_TXT_100110,Baby Longwing,Bébé Longwing
PROPMOVER_TXT_100111,Baby Saphyryan,Bébé Saphyryan
PROPMOVER_TXT_100112,Baby Mushpang,Bébé Mushpang
PROPMOVER_TXT_100113,Baby Wagsaac,Bébé Wagsaac
PROPMOVER_TXT_100114,Baby Steel Knight,Bébé Steelknight
PROPMOVER_TXT_100115,Baby Nautrepy,Bébé Nautrepy
PROPMOVER_TXT_100116,Small Meteonyker,Jeune Meteonyker
PROPMOVER_TXT_100117,Berserk Meteonyker,Meteonyker Berserk
PROPMOVER_TXT_100118,Cyclops X,Cyclope X
PROPMOVER_TXT_100119,Giant Cyclops X,Cyclope X Géant
PROPMOVER_TXT_100120,Katamaw,Katamaw
PROPMOVER_TXT_100121,Zefus,Zefus
PROPMOVER_TXT_100122,Gruntizer,Gruntizer
PROPMOVER_TXT_100123,Obnis,Obnis
PROPMOVER_TXT_100124,Airon,Airon
PROPMOVER_TXT_100125,Kumah,Kumah
PROPMOVER_TXT_100126,Haom,Haom
PROPMOVER_TXT_100127,Scorched Meteonyker,Meteonyker Roussi
PROPMOVER_TXT_100128,Red Meteonyker,Meteonyker Rouge
PROPMOVER_TXT_100129,Baby Zendros,Bébé Zendros
PROPMOVER_TXT_100130,Baby Dumb Bull,Bébé Dumbull
PROPMOVER_TXT_100131,Baby Bearnerky,Bébé Bearnerky
PROPMOVER_TXT_100132,Yetti,Yéti
PROPMOVER_TXT_100133,Mutant Yetti,Yéti Mutant
PROPMOVER_TXT_100134,Dark Yetti,Yéti Sombre
PROPMOVER_TXT_100135,Mad Yetti,Yéti Enragé
PROPMOVER_TXT_100136,Violet Yetti,Yéti Pourpre
PROPMOVER_TXT_100137,Augu,Augu
PROPMOVER_TXT_100138,Mutant Augu,Augu Mutant
PROPMOVER_TXT_100139,Ardent Augu,Augu Ardent
PROPMOVER_TXT_100140,Glacial Augu,Augu Glacial
PROPMOVER_TXT_100141,Violet Augu,Augu Pourpre
PROPMOVER_TXT_100142,Ghost of the Forgotten Prince,Fantôme d'un Prince Oublié
PROPMOVER_TXT_100143,Ghost of the Forgotten King,Fantôme d'un Roi Oublié
PROPMOVER_TXT_100144,Ghost of the Forgotten Emperor,Fantôme d'un Empereur Oublié
PROPMOVER_TXT_100145,Ghost of the Forgotten Overlord,Fantôme d'un Suzerain Oublié
PROPMOVER_TXT_100146,Violet Ghost of the Forgotten Monarch,Fantôme Pourpre d'un Monarque Oublié
PROPMOVER_TXT_100147,Mammoth,Mammouth
PROPMOVER_TXT_100148,Cannibal Mammoth,Mammouth Cannibal
PROPMOVER_TXT_100149,Ancient Mammoth,Mammouth Ancien
PROPMOVER_TXT_100150,Predator Mammoth,Mammouth Prédateur
PROPMOVER_TXT_100151,Violet Mammoth,Mammouth Pourpre
PROPMOVER_TXT_100152,Gigaka,Jizaka
PROPMOVER_TXT_100153,Mawrang,Mawran
PROPMOVER_TXT_100154,Miriun,Miriun
PROPMOVER_TXT_100155,Auxilior,Auxilior
PROPMOVER_TXT_100156,Blue Alien Octopus,Poulpe Alien Bleu
PROPMOVER_TXT_100157,Yellow Alien Octopus,Poulpe Alien Jaune
PROPMOVER_TXT_100158,Red Alien Octopus,Poulpe Alien Rouge
PROPMOVER_TXT_100159,White Alien Octopus,Poulpe Alien Blanc
PROPMOVER_TXT_100160,Green Alien Octopus,Poulpe Alien Vert
PROPMOVER_TXT_100161,Black Alien Octopus,Poulpe Alien Noir
PROPMOVER_TXT_100162,Baby Peakyturtle,Bébé Peakyturtle
PROPMOVER_TXT_100163,Baby Rock Muscle,Bébé Musclor
PROPMOVER_TXT_100164,Baby Giggle Box,Bébé Gigglebox
PROPMOVER_TXT_100165,Baby Totemia,Bébé Totemia
PROPMOVER_TXT_100166,Baby Fafnir,Bébé Fafnir
PROPMOVER_TXT_100167,Baby Popcrank,Bébé Joker
PROPMOVER_TXT_100168,Rookie Cloudberry Carrier,Porteur Novice de Plaquebière
PROPMOVER_TXT_100169,Cloudberry Carrier,Porteur de Plaquebière
PROPMOVER_TXT_100170,Lightberry Carrier,Porteur de Baie Lumineuse
PROPMOVER_TXT_100171,Rookie Exoberry Carrier,Porteur Novice de Baie Exotique
PROPMOVER_TXT_100172,Exoberry Carrier,Porteur de Baie Exotique
PROPMOVER_TXT_001068,Waforu,Charles
PROPMOVER_TXT_001069,Mysterious Robed Girl,Fille Mystérieuse
PROPMOVER_TXT_001442,Lasa,Lasa
PROPMOVER_TXT_100173,Baby Giant Bang,Bébé Géant Bang
PROPMOVER_TXT_100174,Baby Burudeng,Bébé Burudeng
PROPMOVER_TXT_100175,Baby Iren,Bébé Iren
PROPMOVER_TXT_100176,Baby Mushpoie,Bébé Mushpoie
PROPMOVER_TXT_100177,Baby Flybrigen,Bébé Flybrigen
PROPMOVER_TXT_100178,Baby Nuctuvehicle,Bébé Nuctuhicle
PROPMOVER_TXT_100179,Criminal Medumet,Medumet Criminel
PROPMOVER_TXT_100180,Crystal Iphrine,Cristal d'Iphrine
PROPMOVER_TXT_100181,Yellow Teddy Bear,Nounours Jaune
PROPMOVER_TXT_100182,Blue Teddy Bear,Nounours Bleu
PROPMOVER_TXT_100183,Brown Teddy Bear,Nounours Marron
PROPMOVER_TXT_100184,Orange Teddy Bear,Nounours Orange
PROPMOVER_TXT_100185,Black Teddy Bear,Nounours Noir
PROPMOVER_TXT_100186,White Teddy Bear,Nounours Blanc
PROPMOVER_TXT_100187,Baby Doridoma,Bébé Doridoma
PROPMOVER_TXT_100188,Baby Mothbee,Bébé Mothbee
PROPMOVER_TXT_100189,Baby Hobo,Bébé Hobo
PROPMOVER_TXT_100190,Primgon,Primgon
PROPMOVER_TXT_100191,Blue Gummy Bear,Ourson Gélifié Bleu
PROPMOVER_TXT_100192,Brown Gummy Bear,Ourson Gélifié Marron
PROPMOVER_TXT_100193,Pink Gummy Bear,Ourson Gélifié Rose
PROPMOVER_TXT_100194,Red Gummy Bear,Ourson Gélifié Rouge
PROPMOVER_TXT_100195,Black Gummy Bear,Ourson Gélifié Noir
PROPMOVER_TXT_100196,White Gummy Bear,Ourson Gélifié Blanc
PROPMOVER_TXT_100197,Baby Wild Rabbit,Bébé Lapin Sauvage
PROPMOVER_TXT_100198,Puppy,Chiot
PROPMOVER_TXT_100199,Furious Mr. Pumpkin,Capitaine Pumpkin
PROPMOVER_TXT_100200,Deviant Mr. Pumpkin,Géant Pumpkin
PROPMOVER_TXT_100201,Baby Winged Sheep,Bébé Mouton Ailé
PROPMOVER_TXT_100202,Teddy Bear,Peluche
PROPMOVER_TXT_100203,Kitty with Yellow Umbrella,Chaton Jaune au Parasol
PROPMOVER_TXT_100204,Kitty with Green Umbrella,Chaton Vert au Parasol
PROPMOVER_TXT_100205,Kitty with Pink Umbrella,Chaton Rose au Parasol
PROPMOVER_TXT_100206,Kitty with Purple Umbrella,Chaton Violet au Parasol
PROPMOVER_TXT_100207,Kitty with Beige Umbrella,Chaton Beige au Parasol
PROPMOVER_TXT_100208,Kitty with Grey Umbrella,Chaton Gris au Parasol
PROPMOVER_TXT_100209,Halloween Ghost,Fantôme d'Halloween
PROPMOVER_TXT_100210,Lord Big Muscle,Lord Musclor
PROPMOVER_TXT_100211,Lord Krrr,Lord Krrr
PROPMOVER_TXT_100212,Lord Mushmoot,Lord Mushmoot
PROPMOVER_TXT_100213,Lord Meteonyker,Lord Meteonyker
PROPMOVER_TXT_100214,Lord Red Meteonyker,Lord Meteonyker Rouge
PROPMOVER_TXT_100215,Lord Pumpkin,Lord Pumpkin
PROPMOVER_TXT_100216,Lord Lykanos,Lord Lykanos
PROPMOVER_TXT_100217,Lord Drakul,Lord Drakul
PROPMOVER_TXT_100219,Lord Ripper,Lord Ripper
PROPMOVER_TXT_100220,Lord Mia,Lord Mia
PROPMOVER_TXT_100221,Lord Iblis Leanes,Lord Ivilis Leanes
PROPMOVER_TXT_100222,Violet Halloween Puppet,Poupée d'Halloween Pourpre
PROPMOVER_TXT_100223,Orange Halloween Puppet,Poupée d'Halloween Orange
PROPMOVER_TXT_100224,Beige Halloween Puppet,Poupée d'Halloween Beige
PROPMOVER_TXT_100225,Pink Halloween Puppet,Poupée d'Halloween Rose
PROPMOVER_TXT_100226,Grey Halloween Puppet,Poupée d'Halloween Grise
PROPMOVER_TXT_100227,White Halloween Puppet,Poupée d'Halloween Blanche
PROPMOVER_TXT_100228,Sport Pop Red Tiger,Tigre Rouge Sport Pop
PROPMOVER_TXT_100229,Sport Pop Blue Tiger,Tigre Bleu Sport Pop
PROPMOVER_TXT_100230,Sport Pop Green Tiger,Tigre Vert Sport Pop
PROPMOVER_TXT_100231,Sport Pop Orange Tiger,Tigre Orange Sport Pop
PROPMOVER_TXT_100232,Sport Pop Pink Tiger,Tigre Rose Sport Pop
PROPMOVER_TXT_100233,Sport Pop Purple Tiger,Tigre Violet Sport Pop
PROPMOVER_TXT_100234,Purple Disco Poodle,Caniche Disco Violet
PROPMOVER_TXT_100235,Green Disco Poodle,Caniche Disco Vert
PROPMOVER_TXT_100236,Orange Disco Poodle,Caniche Disco Orange
PROPMOVER_TXT_100237,Pink Disco Poodle,Caniche Disco Rose
PROPMOVER_TXT_100238,Black Disco Poodle,Caniche Disco Noir
PROPMOVER_TXT_100239,Cyan Disco Poodle,Caniche Disco Cyan
PROPMOVER_TXT_100240,Nine Tails,Neuf-Queues
PROPMOVER_TXT_100241,Nero,Nero
PROPMOVER_TXT_100242,Thief Santa Monster,Monstre Père Noël Voleur
PROPMOVER_TXT_100243,Grumpy elf,Elfe grognon
PROPMOVER_TXT_100250,Blue Winter Pixie,Lutin Bleu d'Hiver
PROPMOVER_TXT_100251,Green Winter Pixie,Lutin Vert d'Hiver
PROPMOVER_TXT_100252,Purple Winter Pixie,Lutin Violet d'Hiver
PROPMOVER_TXT_100253,Cyan Winter Pixie,Lutin Cyan d'Hiver
PROPMOVER_TXT_100254,Black Winter Pixie,Lutin Noir d'Hiver
PROPMOVER_TXT_100255,White Winter Pixie,Lutin Blanc d'Hiver
PROPMOVER_TXT_100256,Fu Lion King,Roi Lion Fu
PROPMOVER_TXT_100257,Black Winter Tiger,Tigre Noir d'Hiver
PROPMOVER_TXT_100258,Pink Winter Tiger,Tigre Rose d'Hiver
PROPMOVER_TXT_100259,Green Winter Tiger ,Tigre Vert d'Hiver
PROPMOVER_TXT_100260,Purple Winter Tiger ,Tigre Violet d'Hiver
PROPMOVER_TXT_100261,Orange Winter Tiger ,Tigre Orange d'Hiver
PROPMOVER_TXT_100262,Cyan Winter Tiger ,Tigre Cyan d'Hiver
PROPMOVER_TXT_100263,Tonge,Tonge
PROPMOVER_TXT_100264,Fox,Renard
PROPMOVER_TXT_100265,Mermaid Beauty,Beauté Sirène
PROPMOVER_TXT_100266,Overgrown Shark,Requin Démesuré
PROPMOVER_TXT_100267,Grunt Gorilla,Gorille Grognon
PROPMOVER_TXT_100268,Overgrown Spider,Araignée Démesurée
PROPMOVER_TXT_100269,Temple Guardian,Gardien du Temple
PROPMOVER_TXT_100270,Sentient Tree Warrior,Guerrier de l'Arbre Sentient
PROPMOVER_TXT_100271,Old Rut,Vieille Ornière
PROPMOVER_TXT_100244,Skeletal Militant,Militant Squelette
PROPMOVER_TXT_100245,Crystal Demon Lord,Seigneur Démon de Cristal
PROPMOVER_TXT_100246,Great Kraken,Grand Kraken
PROPMOVER_TXT_100247,Siren,Sirène
PROPMOVER_TXT_100248,Lurking Merman,Homme de la Mer Rôdeur
PROPMOVER_TXT_100249,Cunning Merman,Homme de la Mer Rusé
PROPMOVER_TXT_001198,Great Catsy,Catsy Mutant
PROPMOVER_TXT_001200,Great Harpy,Hoppy Mutant
PROPMOVER_TXT_001202,Great Gullah,Polleburk Mutant
PROPMOVER_TXT_001204,Great Abraxas,Abraxas Mutant
PROPMOVER_TXT_001206,Great Hague,Hague Mutant
PROPMOVER_TXT_001208,Great Tengu,Tengu Mutant
PROPMOVER_TXT_001210,Great Asterius,Knum Mutant
PROPMOVER_TXT_001212,Great Dantalian,Dantalian Mutant
PROPMOVER_TXT_001214,Great Gannessa,Ganessa Mutant
PROPMOVER_TXT_001216,Great Asuras,Asuras Mutant
PROPMOVER_TXT_001180,Small Nyx,Jeune Nymphe
PROPMOVER_TXT_001182,Nyx,Nymphe
PROPMOVER_TXT_001184,Captain Nyx,Capitaine Nymphe
PROPMOVER_TXT_001186,Asmodan,Asmodan
PROPMOVER_TXT_001100,Small Harpy,Jeune Hoppy
PROPMOVER_TXT_001102,Harpy,Hoppy
PROPMOVER_TXT_001104,Captain Harpy,Capitaine Hoppy
PROPMOVER_TXT_001106,Giant Harpy,Géant Hoppy
PROPMOVER_TXT_001108,Small Gullah,Jeune Polleburk
PROPMOVER_TXT_001110,Gullah,Polleburk
PROPMOVER_TXT_001112,Captain Gullah,Capitaine Polleburk
PROPMOVER_TXT_001114,Giant Gullah,Géant Polleburk
PROPMOVER_TXT_001116,Small Abraxas,Jeune Abraxas
PROPMOVER_TXT_001118,Abraxas,Abraxas
PROPMOVER_TXT_001120,Captain Abraxas,Capitaine Abraxas
PROPMOVER_TXT_001122,Giant Abraxas,Géant Abraxas
PROPMOVER_TXT_001124,Small Hague,Jeune Hague
PROPMOVER_TXT_001126,Hague,Hague
PROPMOVER_TXT_001128,Captain Hague,Capitaine Hague
PROPMOVER_TXT_001130,Giant Hague,Géant Hague
PROPMOVER_TXT_001132,Small Tengu,Jeune Tengu
PROPMOVER_TXT_001134,Tengu,Tengu
PROPMOVER_TXT_001136,Captain Tengu,Capitaine Tengu
PROPMOVER_TXT_001138,Giant Tengu,Géant Tengu
PROPMOVER_TXT_001140,Small Asterius,Jeune Knum
PROPMOVER_TXT_001142,Asterius,Knum
PROPMOVER_TXT_001144,Captain Asterius,Capitaine Knum
PROPMOVER_TXT_001146,Giant Asterius,Géant Knum
PROPMOVER_TXT_001148,Small Dantalian,Jeune Dantalian
PROPMOVER_TXT_001150,Dantalian,Dantalian
PROPMOVER_TXT_001152,Captain Dantalian,Capitaine Dantalian
PROPMOVER_TXT_001154,Giant Dantalian,Géant Dantalian
PROPMOVER_TXT_001156,Small Gannessa,Jeune Ganessa
PROPMOVER_TXT_001158,Gannessa,Ganessa
PROPMOVER_TXT_001160,Captain Gannessa,Capitaine Ganessa
PROPMOVER_TXT_001162,Giant Gannessa,Géant Ganessa
PROPMOVER_TXT_001164,Small Asuras,Jeune Asuras
PROPMOVER_TXT_001166,Asuras,Asuras
PROPMOVER_TXT_001168,Captain Asuras,Capitaine Asuras
PROPMOVER_TXT_001170,Giant Asuras,Géant Asuras
PROPMOVER_TXT_001172,Small Catsy,Jeune Catsy
PROPMOVER_TXT_001174,Catsy,Catsy
PROPMOVER_TXT_001176,Giant Catsy,Géant Catsy
PROPMOVER_TXT_001178,Captain Catsy,Capitaine Catsy
PROPMOVER_TXT_001218,Knight 2,Chevalier 2
PROPMOVER_TXT_001220,Knight 1,Chevalier 1
PROPMOVER_TXT_001221,Queen Long Legs,Reine Faucheuse
PROPMOVER_TXT_001222,Nightmist Empress,Chancelier
PROPMOVER_TXT_001223,Bolt Otem,Vis Otem
PROPMOVER_TXT_001224,Overgrown Broodmother,Mère Nourricière Démésurée
PROPMOVER_TXT_001225,Spiderling,Petite Araignée
PROPMOVER_TXT_001226,Enraged Gorilla,Gorille Enragé
PROPMOVER_TXT_001227,Sentient Tree Guardian,Gardien de l'Arbre Sentient
PROPMOVER_TXT_001228,Regal Kumai,Kumai Royal
PROPMOVER_TXT_001229,Enchanted Rider,Cavalier Enchanté
PROPMOVER_TXT_001230,Enchanted Shaman,Chamane Enchantée
PROPMOVER_TXT_001231,Enchanted AI,Automate Enchanté
PROPMOVER_TXT_001232,Pyramid Keeper,Protecteur de la Pyramide
PROPMOVER_TXT_001233,Pyramid Guardian,Gardien de la Pyramide
PROPMOVER_TXT_001234,Defense Otem,Otem Défensif
PROPMOVER_TXT_001235,Skeleton General,Général Squelette
PROPMOVER_TXT_230001,Enraged Yetti,Yéti Enragé
PROPMOVER_TXT_230002,Frozen Hare Guard,Garde Lièvre-Gelé
PROPMOVER_TXT_230003,Saphyryan Hound,Molosse Saphyrien
PROPMOVER_TXT_230004,Deep Cave Gorilla,Gorille des Cavernes
PROPMOVER_TXT_230005,Caveman Chief,Chef des Cavernes
PROPMOVER_TXT_230006,Cavern Larva,Larve des Cavernes
PROPMOVER_TXT_230007,Radioactive Long Legs,Faucheuse Radioactive
PROPMOVER_TXT_230008,Cavern Nightmist,Brumaire des Cavernes
PROPMOVER_TXT_230009,Frozen Hare Assassin,Assassin Lièvre-Gelé
PROPMOVER_TXT_230010,Giant Turtle,Tortue Géante
PROPMOVER_TXT_230011,Kraken Spawn,Rejeton du Kraken
PROPMOVER_TXT_010000,Orange Sleeping Fox,Renard Endormi Orange
PROPMOVER_TXT_010001,Black Sleeping Fox,Renard Endormi Noir
PROPMOVER_TXT_010002,Blue Sleeping Fox,Renard Endormi Bleu
PROPMOVER_TXT_010003,Green Sleeping Fox,Renard Endormi Vert
PROPMOVER_TXT_010004,Pink Sleeping Fox,Renard Endormi Rose
PROPMOVER_TXT_010005,Purple Sleeping Fox,Renard Endormi Violet
PROPMOVER_TXT_010006,White Sleeping Fox,Renard Endormi Blanc
PROPMOVER_TXT_110000,Pink Valentine's Bear,Ours St-Valentin Rose
PROPMOVER_TXT_110001,White Valentine's Bear,Ours St-Valentin Blanc
PROPMOVER_TXT_110002,Dark Valentine's Bear,Ours St-Valentin Sombre
PROPMOVER_TXT_110003,Orange Valentine's Bear,Ours St-Valentin Orange
PROPMOVER_TXT_110004,Green Valentine's Bear,Ours St-Valentin Vert
PROPMOVER_TXT_110005,Purple Valentine's Bear,Ours St-Valentin Violet
PROPMOVER_TXT_110006,Pink Little Cacti,Petit Cactus Rose
PROPMOVER_TXT_110007,Green Little Cacti,Petit Cactus Vert
PROPMOVER_TXT_110008,Purple Little Cacti,Petit Cactus Violet
PROPMOVER_TXT_110009,Orange Little Cacti,Petit Cactus Orange
PROPMOVER_TXT_110010,Red Little Cacti,Petit Cactus Red
PROPMOVER_TXT_110011,Cyan Little Cacti,Petit Cactus Cyan
PROPMOVER_TXT_110012,Phantom General,Général Fantôme
PROPMOVER_TXT_110013,Golden Aibatt,Aibatt Doré
PROPMOVER_TXT_110014,Pink Modern Sports Bear,Ours de Sport Moderne Rose
PROPMOVER_TXT_110015,Blue Modern Sports Bear,Ours de Sport Moderne Bleu
PROPMOVER_TXT_110016,Green Modern Sports Bear,Ours de Sport Moderne Vert
PROPMOVER_TXT_110017,Purple Modern Sports Bear,Ours de Sport Moderne Violet
PROPMOVER_TXT_110018,Dark Modern Sports Bear,Ours de Sport Moderne Sombre
PROPMOVER_TXT_110019,Light Modern Sports Bear,Ours de Sport Moderne Clair
PROPMOVER_TXT_110020,Pink Easter Bunny,Lapin de Pâques Rose
PROPMOVER_TXT_110021,Pink Future Robot,Robot du Future Rose
PROPMOVER_TXT_110022,Purple Future Robot,Robot du Future Violet
PROPMOVER_TXT_110023,Cyan Future Robot,Robot du Future Cyan
PROPMOVER_TXT_110024,Dark Future Robot,Robot du Future Sombre
PROPMOVER_TXT_110025,Green Future Robot,Robot du Future Vert
PROPMOVER_TXT_110026,Blue Future Robot,Robot du Future Bleu
PROPMOVER_TXT_110027,Flying Egg,Oeuf Volant
PROPMOVER_TXT_110028,Eggcellent,Oeuffissime
PROPMOVER_TXT_110029,Blue Flying Bunny,Lapin Volant Bleu
PROPMOVER_TXT_110030,Green Flying Bunny,Lapin Volant Vert
PROPMOVER_TXT_110031,Pink Flying Bunny,Lapin Volant Rose
PROPMOVER_TXT_110032,Purple Flying Bunny,Lapin Volant Violet
PROPMOVER_TXT_110033,Brown Flying Bunny,Lapin Volant Marron
PROPMOVER_TXT_110034,Black Flying Bunny,Lapin Volant Noir
PROPMOVER_TXT_110035,White Flying Bunny,Lapin Volant Blanc
PROPMOVER_TXT_110036,Hantiger,Hantiger
PROPMOVER_TXT_110037,Galaxy Scout,Scout de la Galaxie
PROPMOVER_TXT_110038,Blue Hat Bunny,Lapin en Chapeau Bleu
PROPMOVER_TXT_110039,Dark Hat Bunny,Lapin en Chapeau Sombre
PROPMOVER_TXT_110040,Green Hat Bunny,Lapin en Chapeau Vert
PROPMOVER_TXT_110041,Orange Hat Bunny,Lapin en Chapeau Orange
PROPMOVER_TXT_110042,Pink Hat Bunny,Lapin en Chapeau Rose
PROPMOVER_TXT_110043,Purple Hat Bunny,Lapin en Chapeau Violet
PROPMOVER_TXT_110044,Black Hat Bunny,Lapin en Chapeau Noir
PROPMOVER_TXT_110045,White Hat Bunny,Lapin en Chapeau Blanc
PROPMOVER_TXT_110047,Gold Skeleton,Squelette en Or
PROPMOVER_TXT_110048,Birthday Baker,Boulanger d'Anniversaire
PROPMOVER_TXT_110049,White Stripe Purple Bear,Ourson à Bandes Blanches Blanc
PROPMOVER_TXT_110050,White Stripe Blue Bear,Ourson à Bandes Blanches Bleu
PROPMOVER_TXT_110051,White Stripe Green Bear,Ourson à Bandes Blanches Vert
PROPMOVER_TXT_110052,White Stripe Orange Bear,Ourson à Bandes Blanches Orange
PROPMOVER_TXT_110053,White Stripe Pink Bear,Ourson à Bandes Blanches Rose
PROPMOVER_TXT_110054,White Stripe Black Bear,Ourson à Bandes Blanches Noir
PROPMOVER_TXT_110055,White Stripe White Bear,Ourson à Bandes Blanches Blanc
PROPMOVER_TXT_110056,Lord Manager,Chancelier
PROPMOVER_TXT_110057,Black Japanese Piggy,Porcinet Japonais Noir
PROPMOVER_TXT_110058,Purple Japanese Piggy,Porcinet Japonais Violet
PROPMOVER_TXT_110059,Blue Japanese Piggy,Porcinet Japonais Bleu
PROPMOVER_TXT_110060,Light Red Japanese Piggy,Porcinet Japonais Rouge
PROPMOVER_TXT_110061,Orange Japanese Piggy,Porcinet Japonais Orange
PROPMOVER_TXT_110062,White Japanese Piggy,Porcinet Japonais Blanc
PROPMOVER_TXT_110063,Light Japanese Piggy,Porcinet Japonais Clair
PROPMOVER_TXT_110064,Baby Carrierbomb,Bébé Caboom
PROPMOVER_TXT_110065,Baby Fefern,Bébé Fefern
PROPMOVER_TXT_110066,Baby Wheelem,Bébé Wheelem
PROPMOVER_TXT_110067,Gacha Machine,Gachapon
PROPMOVER_TXT_110068,Skating Cat,Chat Patineur
PROPMOVER_TXT_110069,Bach,Bach
PROPMOVER_TXT_110070,Neo Purple Robot,Robot Neo Violet
PROPMOVER_TXT_110071,Neo Green Robot,Robot Neo Vert
PROPMOVER_TXT_110072,Neo Orange Robot,Robot Neo Orange
PROPMOVER_TXT_110073,Neo Yellow Robot,Robot Neo Jaune
PROPMOVER_TXT_110074,Neo Black Robot,Robot Neo Noir
PROPMOVER_TXT_110075,Neo White Robot,Robot Neo Blanc
PROPMOVER_TXT_110076,Pink Flying Froggy,Grenouille Volante Rose
PROPMOVER_TXT_110077,Green Flying Froggy,Grenouille Volante Verte
PROPMOVER_TXT_110078,Purple Flying Froggy,Grenouille Volante Violette
PROPMOVER_TXT_110079,Red Flying Froggy,Grenouille Volante Rouge
PROPMOVER_TXT_110080,Black Flying Froggy,Grenouille Volante Noire
PROPMOVER_TXT_110081,Blue Flying Froggy,Grenouille Volante Bleue
PROPMOVER_TXT_002016,Rex Potato,Xyleniiks la Patate enragée
PROPMOVER_TXT_002017,Prince Potato,Prince Patate
PROPMOVER_TXT_002159,Private Leo,Soldat Leo
PROPMOVER_TXT_002160,Noah,Noah
PROPMOVER_TXT_110082,Draco,Draco
PROPMOVER_TXT_110083,Pink Axolotl,Axolotl Rose
PROPMOVER_TXT_110084,Yellow Axolotl,Axolotl Jaune
PROPMOVER_TXT_110085,Purple Axolotl,Axolotl Viole
PROPMOVER_TXT_110086,Blue Axolotl,Axolotl Bleu
PROPMOVER_TXT_110087,Red Axolotl,Axolotl Rouge
PROPMOVER_TXT_110088,Black Axolotl,Axolotl Noir
PROPMOVER_TXT_110089,Traveling Merchant,Vendeur Ambulant
PROPMOVER_TXT_110046,Red Spirit Dragon,Dragon Esprit Rouge
PROPMOVER_TXT_110090,Green Spirit Dragon,Dragon Esprit Vert
PROPMOVER_TXT_110091,Yellow Spirit Dragon,Dragon Esprit Jaune
PROPMOVER_TXT_400000,Andrew,Andrew
PROPMOVER_TXT_110092,Molu,Molu
PROPMOVER_TXT_110093,Blue Flying Sheep,Mouton Volant Bleu
PROPMOVER_TXT_110094,Yellow Flying Sheep,Mouton Volant Jaune
PROPMOVER_TXT_110095,Red Flying Sheep,Mouton Volant Rouge
PROPMOVER_TXT_110096,Purple Flying Sheep,Mouton Volant Violet
PROPMOVER_TXT_110097,Pink Flying Sheep,Mouton Volant Rose
PROPMOVER_TXT_110098,Black Flying Sheep,Mouton Volant Noir
PROPMOVER_TXT_110100,Silver Aibatt,Aibatt Argentés
PROPMOVER_TXT_110151,Purple Floating Oni,Oni Flottant Violet
PROPMOVER_TXT_110152,Blue Floating Oni,Oni Flottant Bleu
PROPMOVER_TXT_110153,Green Floating Oni,Oni Flottant Vert
PROPMOVER_TXT_110154,Red Floating Oni,Oni Flottant Rouge
PROPMOVER_TXT_110155,Ice Blue Floating Oni,Oni Flottant Bleu Glace
PROPMOVER_TXT_110156,Black Floating Oni,Oni Flottant Noir
PROPMOVER_TXT_110157,Orange Witch Cat,Chat Sorcier Orange
PROPMOVER_TXT_110158,Purple Witch Cat,Chat Sorcier Violet
PROPMOVER_TXT_110159,Green Witch Cat,Chat Sorcier Vert
PROPMOVER_TXT_110160,Red Witch Cat,Chat Sorcier Rouge
PROPMOVER_TXT_110161,Blue Witch Cat,Chat Sorcier Bleu
PROPMOVER_TXT_110162,White Witch Cat,Chat Sorcier Blanc
PROPMOVER_TXT_110163,Purple Phantocat,Chat-Fantôme Violet
PROPMOVER_TXT_110164,Blue Phantocat,Chat-Fantôme Bleu
PROPMOVER_TXT_110165,Green Phantocat,Chat-Fantôme Vert
PROPMOVER_TXT_110166,Black Phantocat,Chat-Fantôme Noir
PROPMOVER_TXT_110167,Red Phantocat,Chat-Fantôme Rouge
PROPMOVER_TXT_110168,White Phantocat,Chat-Fantôme Blanc
PROPMOVER_TXT_210093,Prismatic Cobra,Cobra Prismatique
PROPMOVER_TXT_210094,Twinstrike Cobra,Cobra Mutant
PROPMOVER_TXT_210095,Tanuki Enforcer,Tanuki Géant
PROPMOVER_TXT_210096,Tanuki Protector,Guerrier Tanuki Géant 
PROPMOVER_TXT_210097,Wildwood Stalker,Guerrier Tang
PROPMOVER_TXT_210098,Wildwood Chieftain,Chef Tang
PROPMOVER_TXT_210099,Beast King Khan,Remardda
PROPMOVER_TXT_210100,Small Kingster,Jeune Langoustroy
PROPMOVER_TXT_110101,Kingster,Langoustroy
PROPMOVER_TXT_110102,Captain Kingster,Capitaine Langoustroy
PROPMOVER_TXT_110103,Small Kraken,Jeune Craken
PROPMOVER_TXT_110104,Kraken,Craken
PROPMOVER_TXT_110105,Captain Kraken,Capitaine Craken
PROPMOVER_TXT_110106,Small Creper,Jeune Pincedure
PROPMOVER_TXT_110107,Creper,Pincedure
PROPMOVER_TXT_110108,Captain Creper,Capitaine Pincedure
PROPMOVER_TXT_110109,Small Naga,Jeune Nagaro
PROPMOVER_TXT_110110,Naga,Nagaro
PROPMOVER_TXT_110111,Captain Naga,Capitaine Nagaro
PROPMOVER_TXT_110112,Small Atrox,Jeune Artrox
PROPMOVER_TXT_110113,Atrox,Artrox
PROPMOVER_TXT_110114,Captain Atrox,Capitaine Artrox
PROPMOVER_TXT_110115,Small Okean,Jeune Okéan
PROPMOVER_TXT_110116,Okean,Okéan
PROPMOVER_TXT_110117,Captain Okean,Capitaine Okéan
PROPMOVER_TXT_110118,Small Tigar,Jeune Taiga
PROPMOVER_TXT_110119,Tigar,Taiga
PROPMOVER_TXT_110120,Captain Tigar,Capitaine Taiga
PROPMOVER_TXT_110121,Small Dorian,Jeune Dorian
PROPMOVER_TXT_110122,Dorian,Dorian
PROPMOVER_TXT_110123,Captain Dorian,Capitaine Dorian
PROPMOVER_TXT_110124,Small Meral,Jeune Merel
PROPMOVER_TXT_110125,Meral,Merel
PROPMOVER_TXT_110126,Captain Meral,Capitaine Merel
PROPMOVER_TXT_110127,Giant Kingster,Géant Langoustroy
PROPMOVER_TXT_110128,Giant Kraken,Géant Craken
PROPMOVER_TXT_110129,Giant Creper,Géant Pincedure
PROPMOVER_TXT_110130,Giant Naga,Géant Nagaro
PROPMOVER_TXT_110131,Giant Atrox,Géant Artrox
PROPMOVER_TXT_110132,Giant Okean,Géant Okéan
PROPMOVER_TXT_110133,Giant Tigar,Géant Taiga
PROPMOVER_TXT_110134,Giant Dorian,Géant Dorian
PROPMOVER_TXT_110135,Giant Meral,Géant Merel
PROPMOVER_TXT_110136,Violet Kingster,Langoustroy Pourpre
PROPMOVER_TXT_110137,Violet Kraken,Craken Pourpre
PROPMOVER_TXT_110138,Violet Creper,Pincedure Pourpre
PROPMOVER_TXT_110139,Violet Naga,Nagaro Pourpre
PROPMOVER_TXT_110140,Violet Atrox,Artrox Pourpre
PROPMOVER_TXT_110141,Violet Okean,Okéan Pourpre
PROPMOVER_TXT_110142,Violet Tigar,Taiga Pourpre
PROPMOVER_TXT_110143,Violet Dorian,Dorian Pourpre
PROPMOVER_TXT_110144,Violet Meral,Merel Pourpre
PROPMOVER_TXT_110145,Blue Flying Sheep,Mouton Volant Bleu
PROPMOVER_TXT_110146,Yellow Flying Sheep,Mouton Volant Jaune
PROPMOVER_TXT_110147,Red Flying Sheep,Mouton Volant Rouge
PROPMOVER_TXT_110148,Purple Flying Sheep,Mouton Volant Violet
PROPMOVER_TXT_110149,Pink Flying Sheep,Mouton Volant Rose
PROPMOVER_TXT_110150,Black Flying Sheep,Mouton Volant Noir
PROPMOVER_TXT_210151,Rainbow Race Officer,Organisateur de la Course Arc-en-ciel
PROPMOVER_TXT_210152,Water Totem Pole,Totem d'Eau
PROPMOVER_TXT_210153,Wind Totem Pole,Totem de Vent
PROPMOVER_TXT_210154,Earth Totem Pole,Totem de Terre
PROPMOVER_TXT_210155,Fire Totem Pole,Totem de Feu
PROPMOVER_TXT_210156,Electric Totem Pole,Totem de Foudre
PROPMOVER_TXT_210157,Twinstrike Den Mother,Mère du Repaire Mutante
PROPMOVER_TXT_210158,The Wilds Guard,Garde de Désiréa
PROPMOVER_TXT_210159,Pau Pau,Pau Pau
PROPMOVER_TXT_210160,Kammie,Kammie
PROPMOVER_TXT_210161,BoBu,BoBu
PROPMOVER_TXT_210162,Talus,Talus
PROPMOVER_TXT_210163,Inventor Remi,Inventeur Remi
PROPMOVER_TXT_210164,Sunny Pang,Sunny Pang
PROPMOVER_TXT_210165,'s Artifact,Artefact
PROPMOVER_TXT_210166,Tanuki Trainee,Stagiaire Tanuki
PROPMOVER_TXT_210167,Wildwood Shaman,Chamane Tang
PROPMOVER_TXT_001312,Charlie,Charlie
PROPMOVER_TXT_210168,Red Patrol Dog,Chien de Patrouille Rouge
PROPMOVER_TXT_210169,Purple Patrol Dog,Chien de Patrouille Violet
PROPMOVER_TXT_210170,Cyan Patrol Dog,Chien de Patrouille Cyan
PROPMOVER_TXT_210171,Blue Patrol Dog,Chien de Patrouille Bleu
PROPMOVER_TXT_210172,Black Patrol Dog,Chien de Patrouille Noir
PROPMOVER_TXT_210173,White Patrol Dog,Chien de Patrouille Blanc
PROPMOVER_TXT_110169,Wild Turkey,Dindon Sauvage
PROPMOVER_TXT_210174,Red Rolling Clown,Clown Rouge Roulant
PROPMOVER_TXT_210175,Purple Rolling Clown,Clown Violet Roulant
PROPMOVER_TXT_210176,Green Rolling Clown,Clown Vert Roulant
PROPMOVER_TXT_210177,Pink Rolling Clown,Clown Rose Roulant
PROPMOVER_TXT_210178,Blue Rolling Clown,Clown Bleu Roulant
PROPMOVER_TXT_210179,White Rolling Clown,Clown Blanc Roulant
PROPMOVER_TXT_001313,Thief Santa,Père Noël Voleur
PROPMOVER_TXT_001314,Santa,Père Noël
PROPMOVER_TXT_400001,Red Snowman,Bonhomme de Neige Rouge
PROPMOVER_TXT_400002,Purple Snowman,Bonhomme de Neige Violet
PROPMOVER_TXT_400003,Pink Snowman,Bonhomme de Neige Rose
PROPMOVER_TXT_400004,Green Snowman,Bonhomme de Neige Vert
PROPMOVER_TXT_400005,Blue Snowman,Bonhomme de Neige Bleu
PROPMOVER_TXT_400006,Black Snowman,Bonhomme de Neige Noir
PROPMOVER_TXT_400007,Red Snowy Cat,Chat Neigeux Rouge
PROPMOVER_TXT_400008,Pink Snowy Cat,Chat Neigeux Rose
PROPMOVER_TXT_400009,Green Snowy Cat,Chat Neigeux Vert
PROPMOVER_TXT_400010,Blue Snowy Cat,Chat Neigeux Bleu
PROPMOVER_TXT_400011,Purple Snowy Cat,Chat Neigeux Violet
PROPMOVER_TXT_400012,Black Snowy Cat,Chat Neigeux Noir
PROPMOVER_TXT_400013,Blue Wonderful Dog,Chien Merveilleux Bleu
PROPMOVER_TXT_400014,Pink Wonderful Dog,Chien Merveilleux Rose
PROPMOVER_TXT_400015,Green Wonderful Dog,Chien Merveilleux Vert
PROPMOVER_TXT_400016,Yellow Wonderful Dog,Chien Merveilleux Jaune
PROPMOVER_TXT_400017,Purple Wonderful Dog,Chien Merveilleux Violet
PROPMOVER_TXT_400018,Red Wonderful Dog,Chien Merveilleux Rouge
PROPMOVER_TXT_001316,Guest Book,Livre d'Or
PROPMOVER_TXT_001315,Kalgas,Kalgas
PROPMOVER_TXT_001317,Artifact,Artefact
PROPMOVER_TXT_400019,Brown Cub,Ourson Marron
PROPMOVER_TXT_400020,Purple Cub,Ourson Violet
PROPMOVER_TXT_400021,Blue Cub,Ourson Bleu
PROPMOVER_TXT_400022,Green Cub,Ourson Vert
PROPMOVER_TXT_400023,White Cub,Ourson Blanc
PROPMOVER_TXT_400024,Black Cub,Ourson Noir
PROPMOVER_TXT_400025,Event Greemong,Greemong Événement
PROPMOVER_TXT_400200,[Event] Giant Wagsaac,[Événement] Wagsaac Géant
PROPMOVER_TXT_400201,[Event] Giant Jack the Hammer,[Événement] Jack le Marteau Géant
PROPMOVER_TXT_400202,[Event] Giant Bucrow,[Événement] Bucrow Géant
PROPMOVER_TXT_400203,[Event] Giant Totemia,[Événement] Totemia Géant
PROPMOVER_TXT_400204,[Event] Giant Wheelem,[Événement] Wheelem Géant
PROPMOVER_TXT_400205,[Event] Giant Hoppre,[Événement] Hoppre Géant
PROPMOVER_TXT_400206,[Event] Giant Mushpoie,[Événement] Mushpoie Géant
PROPMOVER_TXT_400207,[Event] Giant Watangka,[Événement] Watangka Géant
PROPMOVER_TXT_400208,[Event] Giant Fafnir,[Événement] Fafnir Géant
PROPMOVER_TXT_400209,[Event] Giant Gorruda,[Événement] Gorruda Géant
PROPMOVER_TXT_400210,[Event] Giant Medumet,[Événement] Medumet Géant
PROPMOVER_TXT_400211,[Event] Glacial Augu,[Événement] Augu Glacial
PROPMOVER_TXT_400212,[Event] Ghost of the forgotten Overlord,[Événement] Fantôme du Souverain Oublié
PROPMOVER_TXT_400213,[Event] Giant Asuras,[Événement] Asuras Géant
PROPMOVER_TXT_400214,[Event] Giant Tigar,[Événement] Tigar Géant
PROPMOVER_TXT_400215,[Event] Captain Flybat,[Événement] Capitaine Flybat
PROPMOVER_TXT_400216,[Event] Mr. Pumpkin,[Événement] Monsieur Citrouille
PROPMOVER_TXT_400217,[Event] Dumb Bull,[Événement] Taureau Bête
PROPMOVER_TXT_400218,[Event] Scorpicon,[Événement] Scorpicon
PROPMOVER_TXT_400219,[Event] Wheelem,[Événement] Wheelem
PROPMOVER_TXT_400220,[Event] Steel Knight,[Événement] Chevalier d'Acier
PROPMOVER_TXT_400221,[Event] Driller,[Événement] Foreur
PROPMOVER_TXT_400222,[Event] Captian Volt,[Événement] Capitaine Volt
PROPMOVER_TXT_400223,[Event] Greemong,[Événement] Greemong
PROPMOVER_TXT_400224,[Event] Iren,[Événement] Iren
PROPMOVER_TXT_400225,[Event] Watangka,[Événement] Watangka
PROPMOVER_TXT_400226,[Event] Small Antiquery,[Événement] Petit Antiquery
PROPMOVER_TXT_400227,[Event] Antiquery,[Événement] Antiquery
PROPMOVER_TXT_400228,[Event] Luia,[Événement] Luia
PROPMOVER_TXT_400229,[Event] Small Gongury,[Événement] Petit Gongury
PROPMOVER_TXT_400230,[Event] Harpy,[Événement] Harpie
PROPMOVER_TXT_400231,[Event] Kern,[Événement] Kern
PROPMOVER_TXT_400232,[Event] Small Medumet,[Événement] Petit Medumet
PROPMOVER_TXT_400233,[Event] Yetti,[Événement] Yetti
PROPMOVER_TXT_400234,[Event] Small Dantalian,[Événement] Petit Dantalian
PROPMOVER_TXT_400235,[Event] Mutant Augu,[Événement] Augu Mutant
PROPMOVER_TXT_400236,[Event] Ghost of the forgotten king,[Événement] Fantôme du Roi Oublié
PROPMOVER_TXT_400237,[Event] Small Asuras,[Événement] Petit Asuras
PROPMOVER_TXT_400238,[Event] Mammoth,[Événement] Mammouth
PROPMOVER_TXT_400239,[Event] Asuras,[Événement] Asuras
PROPMOVER_TXT_400240,[Event] Cannibal Mammoth,[Événement] Mammouth Cannibale
PROPMOVER_TXT_400241,[Event] Meral,[Événement] Meral
PROPMOVER_TXT_400026,Blue Pixel Rabbit,Lapin Pixel Bleu
PROPMOVER_TXT_400027,Red Pixel Rabbit,Lapin Pixel Rouge
PROPMOVER_TXT_400028,Green Pixel Rabbit,Lapin Pixel Vert
PROPMOVER_TXT_400029,Pink Pixel Rabbit,Lapin Pixel Rose
PROPMOVER_TXT_400030,Purple Pixel Rabbit,Lapin Pixel Violet
PROPMOVER_TXT_400031,Yellow Pixel Rabbit,Lapin Pixel Jaune
PROPMOVER_TXT_001319,[Event] Leyena,[Événement] Leyena
PROPMOVER_TXT_001321,[Event] Giant Kraken,[Événement] Kraken Géant
PROPMOVER_TXT_400032,[Event] Giggle Box,[Événement] Boîte Rieuse
PROPMOVER_TXT_400033,[Event] Violet Giggle Box,[Événement] Boîte Rieuse Violette
PROPMOVER_TXT_400034,Fox Spirit,Esprit Renard
PROPMOVER_TXT_400035,Ninja Toad,Crapaud Ninja
PROPMOVER_TXT_400036,Steambot,Steambot
PROPMOVER_TXT_400037,White Lion,Lion Blanc
PROPMOVER_TXT_400038,Phio,Phio
PROPMOVER_TXT_400242,Black Anniversary Cat,Chat Anniversaire Noir
PROPMOVER_TXT_400243,Purple Anniversary Cat,Chat Anniversaire Violet
PROPMOVER_TXT_400244,Pink Anniversary Cat,Chat Anniversaire Rose
PROPMOVER_TXT_400245,Green Anniversary Cat,Chat Anniversaire Vert
PROPMOVER_TXT_400246,Cyan Anniversary Cat,Chat Anniversaire Cyan
PROPMOVER_TXT_400247,Blue Anniversary Cat,Chat Anniversaire Bleu
PROPMOVER_TXT_400248,White Anniversary Cat,Chat Anniversaire Blanc
PROPMOVER_TXT_400249,Lord Trangfoma,Lord Trangfoma
PROPMOVER_TXT_400250,Shadow of Clockworks,Ombre des Engrenages
PROPMOVER_TXT_400251,Blue Magical Toad,Crapaud Magique Bleu
PROPMOVER_TXT_400252,Pink Magical Toad,Crapaud Magique Rose
PROPMOVER_TXT_400253,Orange Magical Toad,Crapaud Magique Orange
PROPMOVER_TXT_400254,Green Magical Toad,Crapaud Magique Vert
PROPMOVER_TXT_400255,Red Magical Toad,Crapaud Magique Rouge
PROPMOVER_TXT_400256,Dark Magical Toad,Crapaud Magique Sombre
PROPMOVER_TXT_400258,[Event] Creper,[Événement] Crêper
PROPMOVER_TXT_400259,[Event] Violet Creper,[Événement] Crêper Violet
PROPMOVER_TXT_400260,Red Earless Seal,Phoque Rouge sans Oreilles
PROPMOVER_TXT_400261,Purple Earless Seal,Phoque Violet sans Oreilles
PROPMOVER_TXT_400262,Burgundy Earless Seal,Phoque Bourgogne sans Oreilles
PROPMOVER_TXT_400263,Pink Earless Seal,Phoque Rose sans Oreilles
PROPMOVER_TXT_400264,Orange Earless Seal,Phoque Orange sans Oreilles
PROPMOVER_TXT_400265,Blue Earless Seal,Phoque Bleu sans Oreilles
PROPMOVER_TXT_400266,White Earless Seal,Phoque Blanc sans Oreilles
PROPMOVER_TXT_400267,Brown Butterflies,Papillons Marron
PROPMOVER_TXT_400268,Purple Butterflies,Papillons Violet
PROPMOVER_TXT_400269,Green Butterflies,Papillons Vert
PROPMOVER_TXT_400270,Pink Butterflies,Papillons Rose
PROPMOVER_TXT_400271,Red Butterflies,Papillons Rouge
PROPMOVER_TXT_400272,White Butterflies,Papillons Blanc
PROPMOVER_TXT_400273,Black Butterflies,Papillons Noir
PROPMOVER_TXT_400274,Green DJ Froggy,DJ Grenouille Vert
PROPMOVER_TXT_400275,Red DJ Froggy,DJ Grenouille Rouge
PROPMOVER_TXT_400276,Purple DJ Froggy,DJ Grenouille Violet
PROPMOVER_TXT_400277,Pink DJ Froggy,DJ Grenouille Rose
PROPMOVER_TXT_400278,Cyan DJ Froggy,DJ Grenouille Cyan
PROPMOVER_TXT_400279,Blue DJ Froggy,DJ Grenouille Bleu
PROPMOVER_TXT_400280,Black DJ Froggy,DJ Grenouille Noir
PROPMOVER_TXT_400281,Lord Demian,Lord Demian
PROPMOVER_TXT_400282,Lord Mushpang,Lord Mushpang
PROPMOVER_TXT_400283,Yellow Junior Banana Hero,Héros Banane Junior Jaune
PROPMOVER_TXT_400284,Purple Junior Banana Hero,Héros Banane Junior Violet
PROPMOVER_TXT_400285,Orange Junior Banana Hero,Héros Banane Junior Orange
PROPMOVER_TXT_400286,Blue Junior Banana Hero,Héros Banane Junior Bleu
PROPMOVER_TXT_400287,Green Junior Banana Hero,Héros Banane Junior Vert
PROPMOVER_TXT_400288,Pink Junior Banana Hero,Héros Banane Junior Rose
PROPMOVER_TXT_400289,White Junior Banana Hero,Héros Banane Junior Blanc
PROPMOVER_TXT_400290,Lord Zenma,Lord Zenma
PROPMOVER_TXT_400291,[Event] Pirate ship,[Événement] Navire Pirate
PROPMOVER_TXT_400292,Shadowirs,Shadowirs
PROPMOVER_TXT_400293,Captain Shadowirs,Capitaine Shadowirs
PROPMOVER_TXT_400294,Giant Shadowirs,Géant Shadowirs
PROPMOVER_TXT_400295,Small Skelmaw,Jeune Skelmaw
PROPMOVER_TXT_400296,Skelmaw,Skelmaw
PROPMOVER_TXT_400297,Captain Skelmaw,Capitaine Skelmaw
PROPMOVER_TXT_400298,Giant Skelmaw,Géant Skelmaw
PROPMOVER_TXT_400299,Alchemy Desk,Bureau d'Alchimie
PROPMOVER_TXT_400300,Hearth,Foyer
PROPMOVER_TXT_400301,Carpentry Workspace,Espace de Menuiserie
PROPMOVER_TXT_400302,Smithing Workspace,Espace de Forge
PROPMOVER_TXT_400303,Wandering Merchant,Marchand Ambulant
PROPMOVER_TXT_400304,Small Maleficar,Jeune Maleficar
PROPMOVER_TXT_400305,Maleficar,Maleficar
PROPMOVER_TXT_400306,Captain Maleficar,Capitaine Maleficar
PROPMOVER_TXT_400307,Giant Maleficar,Géant Maleficar
PROPMOVER_TXT_400308,Small Cursed Warden,Jeune Gardien Maudit
PROPMOVER_TXT_400309,Cursed Warden,Gardien Maudit
PROPMOVER_TXT_400310,Captain Cursed Warden,Capitaine Gardien Maudit
PROPMOVER_TXT_400311,Giant Cursed Warden,Géant Gardien Maudit
PROPMOVER_TXT_400312,Small Shadowirs,Jeune Shadowirs
PROPMOVER_TXT_400313,Great Shadowirs,Grand Shadowirs
PROPMOVER_TXT_400314,Great Skelmaw,Grand Skelmaw
PROPMOVER_TXT_400315,Great Maleficar,Grand Maleficar
PROPMOVER_TXT_400316,Great Cursed Warden,Grand Gardien Maudit
PROPMOVER_TXT_400317,Cyan Gloomie,Gloomie Cyan
PROPMOVER_TXT_400318,Green Gloomie,Gloomie Vert
PROPMOVER_TXT_400319,Blue Gloomie,Gloomie Bleu
PROPMOVER_TXT_400320,Purple Gloomie,Gloomie Violet
PROPMOVER_TXT_400321,Red Gloomie,Gloomie Rouge
PROPMOVER_TXT_400322,Gray Gloomie,Gloomie Gris
PROPMOVER_TXT_400323,Blue Medieval Horse,Cheval Médiéval Bleu
PROPMOVER_TXT_400324,Purple Medieval Horse,Cheval Médiéval Violet
PROPMOVER_TXT_400325,Cyan Medieval Horse,Cheval Médiéval Cyan
PROPMOVER_TXT_400326,Green Medieval Horse,Cheval Médiéval Vert
PROPMOVER_TXT_400327,Red Medieval Horse,Cheval Médiéval Rouge
PROPMOVER_TXT_400328,Black Medieval Horse,Cheval Médiéval Noir
PROPMOVER_TXT_400329,Captain Luminfin,Capitaine Luminfin
PROPMOVER_TXT_400330,[Depths Guardian] Bunyip,[Gardien des Profondeurs] Bunyip
PROPMOVER_TXT_400331,[Depths Queen] Nereid,[Reine des Profondeurs] Néréide
PROPMOVER_TXT_400332,Sovann,Sovann
PROPMOVER_TXT_400333,[Shade Lieutenant] Kriton,[Lieutenant des Ombres] Kriton
PROPMOVER_TXT_400334,Dreadfin,Dreadfin
PROPMOVER_TXT_400335,Captain Dreadfin,Capitaine Dreadfin
PROPMOVER_TXT_400336,Dreadscale,Dreadscale
PROPMOVER_TXT_400337,Captain Dreadscale,Capitaine Dreadscale
PROPMOVER_TXT_400338,Luminfin,Luminfin
PROPMOVER_TXT_400339,Hyuna,Hyuna
PROPMOVER_TXT_400350,[Event] Christmas Aibatt,[Événement] Aibatt de Noël
PROPMOVER_TXT_400351,Blue Cobra,Cobra Bleu
PROPMOVER_TXT_400340,Red Christmas Gingy,Gingy Rouge de Noël
PROPMOVER_TXT_400341,Green Christmas Gingy,Gingy Vert de Noël
PROPMOVER_TXT_400342,Pink Christmas Gingy,Gingy Rose de Noël
PROPMOVER_TXT_400343,Orange Christmas Gingy,Gingy Orange de Noël
PROPMOVER_TXT_400344,Purple Christmas Gingy,Gingy Violet de Noël
PROPMOVER_TXT_400345,Blue Christmas Gingy,Gingy Bleu de Noël
PROPMOVER_TXT_400352,Green Little Snaky,Petit Serpent Vert
PROPMOVER_TXT_400353,Purple Little Snaky,Petit Serpent Violet
PROPMOVER_TXT_400354,Pink Little Snaky,Petit Serpent Rose
PROPMOVER_TXT_400355,Blue Little Snaky,Petit Serpent Bleu
PROPMOVER_TXT_400356,Red Little Snaky,Petit Serpent Rouge
PROPMOVER_TXT_400357,Emerald Little Snaky,Petit Serpent Émeraude
PROPMOVER_TXT_400358,Black Little Snaky,Petit Serpent Noir
PROPMOVER_TXT_400359,Purple Frostpaw,Patte de Givre Pourpre
PROPMOVER_TXT_400360,Yellow Frostpaw,Patte de Givre Jaune
PROPMOVER_TXT_400361,Blue Frostpaw,Patte de Givre Bleue
PROPMOVER_TXT_400362,Green Frostpaw,Patte de Givre Verte
PROPMOVER_TXT_400363,Pink Frostpaw,Patte de Givre Rose
PROPMOVER_TXT_400364,Red Frostpaw,Patte de Givre Rouge
PROPMOVER_TXT_400365,White Frostpaw,Patte de Givre Blanche
PROPMOVER_TXT_400366,Black Frostpaw,Patte de Givre Noire
PROPMOVER_TXT_400367,Red Roaryen,Roaryen Rouge
PROPMOVER_TXT_400368,Purple Roaryen,Roaryen Pourpre
PROPMOVER_TXT_400369,Blue Roaryen,Roaryen Bleu
PROPMOVER_TXT_400370,Green Roaryen,Roaryen Vert
PROPMOVER_TXT_400371,White Roaryen,Roaryen Blanc
PROPMOVER_TXT_400372,Black Roaryen,Roaryen Noir
PROPMOVER_TXT_001236,Mechamochi,Mechamochi
PROPMOVER_TXT_001237,[Event] Clockworks,[Événement] Clockworks
PROPMOVER_TXT_001238,Baby Pang,Bébé Pang
PROPMOVER_TXT_400373,Lord Mothbee,Seigneur Mothbee
PROPMOVER_TXT_400374,Lord Zendros,Seigneur Zendros
PROPMOVER_TXT_400375,Lord Dumb Bull,Seigneur Dumb Bull
PROPMOVER_TXT_400376,Lord Totemia,Seigneur Totemia
PROPMOVER_TXT_400377,Lord Flybrigen,Seigneur Flybrigen
PROPMOVER_TXT_400378,Lord Neparuba,Seigneur Neparuba
PROPMOVER_TXT_400379,Lord Rockepeller,Seigneur Rockepeller
PROPMOVER_TXT_400380,Lord Longwing,Seigneur Longwing
PROPMOVER_TXT_400381,Lord Shuhamma,Seigneur Shuhamma
PROPMOVER_TXT_400382,Lord Watangka,Seigneur Watangka
PROPMOVER_TXT_400383,Lord Fafnir,Seigneur Fafnir
PROPMOVER_TXT_400384,Lord Gorruda,Seigneur Gorruda
PROPMOVER_TXT_400385,Lord Mammoth,Seigneur Mammouth
PROPMOVER_TXT_400386,Ghost of the Forgotten Lord,Fantôme du Seigneur Oublié
PROPMOVER_TXT_400387,Lord Augu,Seigneur Augu
PROPMOVER_TXT_400388,Overlord Kraken,Souverain Kraken
PROPMOVER_TXT_400389,Lord Dorian,Seigneur Dorian
PROPMOVER_TXT_400390,Lord Okean,Seigneur Okean
PROPMOVER_TXT_400391,Lord Naga,Seigneur Naga
PROPMOVER_TXT_400392,Overlord Naga,Souverain Naga
PROPMOVER_TXT_400393,Overlord Meral,Souverain Meral
PROPMOVER_TXT_400394,Lord Tigar,Seigneur Tigar
PROPMOVER_TXT_400395,Pink Guardian Easter Bunny,Lapin de Pâques Gardien Rose
PROPMOVER_TXT_400396,Green Guardian Easter Bunny,Lapin de Pâques Gardien Vert
PROPMOVER_TXT_400397,Blue Guardian Easter Bunny,Lapin de Pâques Gardien Bleu
PROPMOVER_TXT_400398,Orange Guardian Easter Bunny,Lapin de Pâques Gardien Orange
PROPMOVER_TXT_400399,Purple Guardian Easter Bunny,Lapin de Pâques Gardien Pourpre
PROPMOVER_TXT_400400,Dark Guardian Easter Bunny,Lapin de Pâques Gardien Sombre
PROPMOVER_TXT_400401,Lord Yetti,Seigneur Yetti
PROPMOVER_TXT_400402,Purple Pawsy,Pawsy Pourpre
PROPMOVER_TXT_400403,Red Pawsy,Pawsy Rouge
PROPMOVER_TXT_400404,Green Pawsy,Pawsy Vert
PROPMOVER_TXT_400405,Blue Pawsy,Pawsy Bleu
PROPMOVER_TXT_400406,Magenta Pawsy,Pawsy Magenta
PROPMOVER_TXT_400407,Lavender Pawsy,Pawsy Lavande
PROPMOVER_TXT_400408,Pink Pawsy,Pawsy Rose
PROPMOVER_TXT_400409,Gray Pawsy,Pawsy Gris
PROPMOVER_TXT_400410,Orange Flumos,Flumos Orange
PROPMOVER_TXT_400411,Purple Flumos,Flumos Pourpre
PROPMOVER_TXT_400412,Red Flumos,Flumos Rouge
PROPMOVER_TXT_400413,Blue Flumos,Flumos Bleu
PROPMOVER_TXT_400414,Green Flumos,Flumos Vert
PROPMOVER_TXT_400415,Yellow Flumos,Flumos Jaune
PROPMOVER_TXT_400416,White Flumos,Flumos Blanc
PROPMOVER_TXT_400417,Black Flumos,Flumos Noir
PROPMOVER_TXT_400418,Wounded Revolutionary,Révolutionnaire Blessé
PROPMOVER_TXT_400419,Yellow Breezy,Breezy Jaune
PROPMOVER_TXT_400420,Purple Breezy,Breezy Pourpre
PROPMOVER_TXT_400421,Blue Breezy,Breezy Bleu
PROPMOVER_TXT_400422,Pink Breezy,Breezy Rose
PROPMOVER_TXT_400423,White Breezy,Breezy Blanche
PROPMOVER_TXT_400424,Black Breezy,Breezy Noire
PROPMOVER_TXT_400425,Blue Pawsh,Pawsh Bleu
PROPMOVER_TXT_400426,Pink Pawsh,Pawsh Rose
PROPMOVER_TXT_400427,Orange Pawsh,Pawsh Orange
PROPMOVER_TXT_400428,Green Pawsh,Pawsh Vert
PROPMOVER_TXT_400429,Navy Pawsh,Pawsh Marine
PROPMOVER_TXT_400430,Red Pawsh,Pawsh Rouge
PROPMOVER_TXT_400431,Fortune Pang,Pang Chanceux
PROPMOVER_TXT_400432,Orange Marshall,Marshall Orange
PROPMOVER_TXT_400433,Green Marshall,Marshall Vert
PROPMOVER_TXT_400434,Cyan Marshall,Marshall Cyan
PROPMOVER_TXT_400435,Purple Marshall,Marshall Pourpre
PROPMOVER_TXT_400436,Red Marshall,Marshall Rouge
PROPMOVER_TXT_400437,Neon Marshall,Marshall Néon
PROPMOVER_TXT_400438,Brown Strawy Jack,Strawy Jack Marron
PROPMOVER_TXT_400439,Maroon Strawy Jack,Strawy Jack Bordeaux
PROPMOVER_TXT_400440,Green Strawy Jack,Strawy Jack Vert
PROPMOVER_TXT_400441,Purple Strawy Jack,Strawy Jack Pourpre
PROPMOVER_TXT_400442,Olive Strawy Jack,Strawy Jack Olive
PROPMOVER_TXT_400443,Blue Strawy Jack,Strawy Jack Bleu
PROPMOVER_TXT_400444,Black Strawy Jack,Strawy Jack Noir
PROPMOVER_TXT_400445,White Strawy Jack,Strawy Jack Blanc
PROPMOVER_TXT_400446,[Event] Giant Mr. Pumpkin,[Événement] Géant M. Citrouille
PROPMOVER_TXT_400447,Green Frogzy,Frogzy Vert
PROPMOVER_TXT_400448,Yellow Frogzy,Frogzy Jaune
PROPMOVER_TXT_400449,Pink Frogzy,Frogzy Rose
PROPMOVER_TXT_400450,Purple Frogzy,Frogzy Pourpre
PROPMOVER_TXT_400451,Cyan Frogzy,Frogzy Cyan
PROPMOVER_TXT_400452,Mint Green Frogzy,Frogzy Vert Menthe
PROPMOVER_TXT_400453,Black Frogzy,Frogzy Noir
PROPMOVER_TXT_400454,White Frogzy,Frogzy Blanc
PROPMOVER_TXT_400455,Orange Whispero,Whispero Orange
PROPMOVER_TXT_400456,Yellow Whispero,Whispero Jaune
PROPMOVER_TXT_400457,Pink Whispero,Whispero Rose
PROPMOVER_TXT_400458,Purple Whispero,Whispero Pourpre
PROPMOVER_TXT_400459,Blue Whispero,Whispero Bleu
PROPMOVER_TXT_400460,Green Whispero,Whispero Vert
PROPMOVER_TXT_400461,Black Whispero,Whispero Noir
PROPMOVER_TXT_400462,White Whispero,Whispero Blanc
PROPMOVER_TXT_400463,Green Mecha Rabbit,Lapin Méca Vert
PROPMOVER_TXT_400464,Orange Mecha Rabbi,Lapin Méca Orange
PROPMOVER_TXT_400465,Red Mecha Rabbit,Lapin Méca Rouge
PROPMOVER_TXT_400466,Pink Mecha Rabbit,Lapin Méca Rose
PROPMOVER_TXT_400467,Purple Mecha Rabbi,Lapin Méca Pourpre
PROPMOVER_TXT_400468,Blue Mecha Rabbit,Lapin Méca Bleu
PROPMOVER_TXT_400469,Black Mecha Rabbit,Lapin Méca Noir
PROPMOVER_TXT_400470,White Mecha Rabbit,Lapin Méca Blanc
PROPMOVER_TXT_400471,Hellhound,Chien de l'Enfer
PROPMOVER_TXT_500001,Kanrang,Kanrang
PROPMOVER_TXT_500002,Mewrang,Mewrang
PROPMOVER_TXT_500003,Relgantus,Relgantus
PROPMOVER_TXT_500004,Huntrang,Huntrang
PROPMOVER_TXT_500005,Mawrang,Mawrang
PROPMOVER_TXT_500006,Cheirang,Cheirang
PROPMOVER_TXT_500007,Bato,Bato
PROPMOVER_TXT_500008,Ralbadan,Ralbadan
PROPMOVER_TXT_500009,Miorang,Miorang
PROPMOVER_TXT_500010,Ruidan,Ruidan
PROPMOVER_TXT_500011,Weevs,Weevs
PROPMOVER_TXT_500012,Small Hundur Sharpfoot,Jeune Hundur Pied Aiguisé
PROPMOVER_TXT_500013,Hundur Sharpfoot,Hundur Pied Aiguisé
PROPMOVER_TXT_500014,Captain Hundur Sharpfoot,Capitaine Hundur Pied Aiguisé
PROPMOVER_TXT_500015,Giant Hundur Sharpfoot,Géant Hundur Pied Aiguisé
PROPMOVER_TXT_500016,Violet Hundur Sharpfoot,Hundur Pied Aiguisé Pourpre
PROPMOVER_TXT_500017,Small Samoset,Jeune Samoset
PROPMOVER_TXT_500018,Samoset,Samoset
PROPMOVER_TXT_500019,Captain Samoset,Capitaine Samoset
PROPMOVER_TXT_500020,Giant Samoset,Géant Samoset
PROPMOVER_TXT_500021,Violet Samoset,Samoset Pourpre
PROPMOVER_TXT_500022,Small Kyouchish,Jeune Kyouchish
PROPMOVER_TXT_500023,Kyouchish,Kyouchish
PROPMOVER_TXT_500024,Captain Kyouchish,Capitaine Kyouchish
PROPMOVER_TXT_500025,Giant Kyouchish,Géant Kyouchish
PROPMOVER_TXT_500026,Violet Kyouchish,Kyouchish Pourpre
PROPMOVER_TXT_500027,Small Kanonicus,Jeune Kanonicus
PROPMOVER_TXT_500028,Kanonicus,Kanonicus
PROPMOVER_TXT_500029,Captain Kanonicus,Capitaine Kanonicus
PROPMOVER_TXT_500030,Giant Kanonicus,Géant Kanonicus
PROPMOVER_TXT_500031,Violet Kanonicus,Kanonicus Pourpre
PROPMOVER_TXT_500032,Small Mage Redcloud,Jeune Mage Nuage-Rouge
PROPMOVER_TXT_500033,Mage Redcloud,Mage Nuage-Rouge
PROPMOVER_TXT_500034,Captain Mage Redcloud,Capitaine Mage Nuage-Rouge
PROPMOVER_TXT_500035,Giant Mage Redcloud,Géant Mage Nuage-Rouge
PROPMOVER_TXT_500036,Violet Mage Redcloud,Mage Nuage-Rouge Pourpre
PROPMOVER_TXT_500037,Small Taiaha,Jeune Taiaha
PROPMOVER_TXT_500038,Taiaha,Taiaha
PROPMOVER_TXT_500039,Captain Taiaha,Capitaine Taiaha
PROPMOVER_TXT_500040,Giant Taiaha,Géant Taiaha
PROPMOVER_TXT_500041,Violet Taiaha,Taiaha Pourpre
PROPMOVER_TXT_500042,Small Hellhound,Jeune Chien de l'Enfer
PROPMOVER_TXT_500043,Hellhound,Chien de l'Enfer
PROPMOVER_TXT_500044,Captain Hellhound,Capitaine Chien de l'Enfer
PROPMOVER_TXT_500045,Giant Hellhound,Géant Chien de l'Enfer
PROPMOVER_TXT_500046,Violet Hellhound,Chien de l'Enfer Pourpre
PROPMOVER_TXT_500047,Chief Keokuk,Chef Keokuk
PROPMOVER_TXT_500048,Monument of Death,Monument de la Mort
PROPMOVER_TXT_500049,[Twisted Soul] Orcus,[Âme Tordue] Orcus
PROPMOVER_TXT_500050,[Tormented Soul] Nergal,[Âme Tourmentée] Nergal
PROPMOVER_TXT_500051,[Demonic Soul] Hel,[Âme Démoniaque] Hel
PROPMOVER_TXT_500052,[Perverted Soul] Morrigan,[Âme Pervertie] Morrigan
PROPMOVER_TXT_500053,[Anguished Soul] Mara,[Âme Angoissée] Mara
PROPMOVER_TXT_500054,[Violent Soul] Ghed ,[Âme Violente] Ghed
PROPMOVER_TXT_500055,[God of Death] Ankou,[Dieu de la Mort] Ankou
PROPMOVER_TXT_500056,[God of Death] Blazing Ankou,[Dieu de la Mort] Ankou en Flammes
PROPMOVER_TXT_500057,[God of Death] Demonic Ankou,[Dieu de la Mort] Ankou Démoniaque
PROPMOVER_TXT_500058,[Elder] Traitus,[Ancien] Traitus
PROPMOVER_TXT_500059,Asylum Guard,Garde de l'Asile
PROPMOVER_TXT_500060,Ankou,Ankou
PROPMOVER_TXT_500061,Demonic Ankou,Ankou Démoniaque
PROPMOVER_TXT_500062,Blue 2025 Thanksgiving Turkey,Dinde Bleue Thanksgiving 2025
PROPMOVER_TXT_500063,Red 2025 Thanksgiving Turkey,Dinde Rouge Thanksgiving 2025
PROPMOVER_TXT_500064,Green 2025 Thanksgiving Turkey,Dinde Verte Thanksgiving 2025
PROPMOVER_TXT_500065,Pink 2025 Thanksgiving Turkey,Dinde Rose Thanksgiving 2025
PROPMOVER_TXT_500066,Black 2025 Thanksgiving Turkey,Dinde Noire Thanksgiving 2025
PROPMOVER_TXT_500067,White 2025 Thanksgiving Turkey,Dinde Blanche Thanksgiving 2025
PROPMOVER_TXT_500068,Red Baby Horse,Poulain Rouge
PROPMOVER_TXT_500069,Cyan Shiki Paws,Shiki Paws Cyan
PROPMOVER_TXT_500070,Green Shiki Paws,Shiki Paws Vert
PROPMOVER_TXT_500071,Purple Shiki Paws,Shiki Paws Pourpre
PROPMOVER_TXT_500072,Blue Shiki Paws,Shiki Paws Bleu
PROPMOVER_TXT_500073,White Shiki Paws,Shiki Paws Blanc
PROPMOVER_TXT_500074,Black Shiki Paws,Shiki Paws Noir
